EXCH_ID,SEGMENT,SECURITY_ID,ISIN,INSTRUMENT,UNDERLYING_SECURITY_ID,UNDERLYING_SYMBOL,SYMBOL_NAME,DISPLAY_NAME,INSTRUMENT_TYPE,SERIES,LOT_SIZE,SM_EXPIRY_DATE,STRIKE_PRICE,OPTION_TYPE,TICK_SIZE,EXPIRY_FLAG,BRACKET_FLAG,COVER_FLAG,ASM_GSM_FLAG,ASM_GSM_CATEGORY
NSE,D,35068,NA,OPTIDX,26000,NIFTY,NIFTY-Nov2025-19200-CE,NIFTY 25 NOV 19200 CALL,OP,NA,75,11/25/2025,19200,CE,5,M,N,N,N,NA
NSE,D,35069,NA,OPTIDX,26000,NIFTY,NIFTY-Nov2025-19200-PE,NIFTY 25 NOV 19200 PUT,OP,NA,75,11/25/2025,19200,PE,5,M,N,N,N,NA
NSE,D,35107,NA,OPTIDX,26000,NIFTY,NIFTY-Nov2025-31250-CE,NIFTY 25 NOV 31250 CALL,OP,NA,75,11/25/2025,31250,CE,5,M,N,N,N,NA
NSE,D,35108,NA,OPTIDX,26000,NIFTY,NIFTY-Nov2025-31250-PE,NIFTY 25 NOV 31250 PUT,OP,NA,75,11/25/2025,31250,PE,5,M,N,N,N,NA
NSE,D,35125,NA,OPTIDX,26000,NIFTY,NIFTY-Nov2025-31300-CE,NIFTY 25 NOV 31300 CALL,OP,NA,75,11/25/2025,31300,CE,5,M,N,N,N,NA
NSE,D,35126,NA,OPTIDX,26000,NIFTY,NIFTY-Nov2025-31300-PE,NIFTY 25 NOV 31300 PUT,OP,NA,75,11/25/2025,31300,PE,5,M,N,N,N,NA
NSE,D,35368,NA,OPTIDX,26000,NIFTY,NIFTY-Nov2025-29800-CE,NIFTY 25 NOV 29800 CALL,OP,NA,75,11/25/2025,29800,CE,5,M,N,N,N,NA
NSE,D,35369,NA,OPTIDX,26000,NIFTY,NIFTY-Nov2025-29800-PE,NIFTY 25 NOV 29800 PUT,OP,NA,75,11/25/2025,29800,PE,5,M,N,N,N,NA
NSE,D,35438,NA,OPTIDX,26000,NIFTY,NIFTY-Nov2025-29850-CE,NIFTY 25 NOV 29850 CALL,OP,NA,75,11/25/2025,29850,CE,5,M,N,N,N,NA
NSE,D,35439,NA,OPTIDX,26000,NIFTY,NIFTY-Nov2025-29850-PE,NIFTY 25 NOV 29850 PUT,OP,NA,75,11/25/2025,29850,PE,5,M,N,N,N,NA
NSE,D,35452,NA,OPTIDX,26000,NIFTY,NIFTY-Nov2025-29900-CE,NIFTY 25 NOV 29900 CALL,OP,NA,75,11/25/2025,29900,CE,5,M,N,N,N,NA
NSE,D,35453,NA,OPTIDX,26000,NIFTY,NIFTY-Nov2025-29900-PE,NIFTY 25 NOV 29900 PUT,OP,NA,75,11/25/2025,29900,PE,5,M,N,N,N,NA
NSE,D,39513,NA,OPTIDX,26000,NIFTY,NIFTY-Nov2025-29950-CE,NIFTY 25 NOV 29950 CALL,OP,NA,75,11/25/2025,29950,CE,5,M,N,N,N,NA
NSE,D,39514,NA,OPTIDX,26000,NIFTY,NIFTY-Nov2025-29950-PE,NIFTY 25 NOV 29950 PUT,OP,NA,75,11/25/2025,29950,PE,5,M,N,N,N,NA
NSE,D,40076,NA,OPTIDX,26000,NIFTY,NIFTY-Nov2025-30150-CE,NIFTY 25 NOV 30150 CALL,OP,NA,75,11/25/2025,30150,CE,5,M,N,N,N,NA
NSE,D,40077,NA,OPTIDX,26000,NIFTY,NIFTY-Nov2025-30150-PE,NIFTY 25 NOV 30150 PUT,OP,NA,75,11/25/2025,30150,PE,5,M,N,N,N,NA
NSE,D,40081,NA,OPTIDX,26000,NIFTY,NIFTY-Nov2025-30200-CE,NIFTY 25 NOV 30200 CALL,OP,NA,75,11/25/2025,30200,CE,5,M,N,N,N,NA
NSE,D,40084,NA,OPTIDX,26000,NIFTY,NIFTY-Nov2025-30200-PE,NIFTY 25 NOV 30200 PUT,OP,NA,75,11/25/2025,30200,PE,5,M,N,N,N,NA
NSE,D,40596,NA,OPTIDX,26000,NIFTY,NIFTY-Nov2025-30000-CE,NIFTY 25 NOV 30000 CALL,OP,NA,75,11/25/2025,30000,CE,5,M,N,N,N,NA
NSE,D,40599,NA,OPTIDX,26000,NIFTY,NIFTY-Nov2025-30000-PE,NIFTY 25 NOV 30000 PUT,OP,NA,75,11/25/2025,30000,PE,5,M,N,N,N,NA
NSE,D,40849,NA,OPTIDX,26000,NIFTY,NIFTY-Nov2025-30250-CE,NIFTY 25 NOV 30250 CALL,OP,NA,75,11/25/2025,30250,CE,5,M,N,N,N,NA
NSE,D,40850,NA,OPTIDX,26000,NIFTY,NIFTY-Nov2025-30250-PE,NIFTY 25 NOV 30250 PUT,OP,NA,75,11/25/2025,30250,PE,5,M,N,N,N,NA
NSE,D,42971,NA,OPTIDX,26000,NIFTY,NIFTY-Nov2025-30050-CE,NIFTY 25 NOV 30050 CALL,OP,NA,75,11/25/2025,30050,CE,5,M,N,N,N,NA
NSE,D,42972,NA,OPTIDX,26000,NIFTY,NIFTY-Nov2025-30050-PE,NIFTY 25 NOV 30050 PUT,OP,NA,75,11/25/2025,30050,PE,5,M,N,N,N,NA
NSE,D,42973,NA,OPTIDX,26000,NIFTY,NIFTY-Nov2025-30100-CE,NIFTY 25 NOV 30100 CALL,OP,NA,75,11/25/2025,30100,CE,5,M,N,N,N,NA
NSE,D,42974,NA,OPTIDX,26000,NIFTY,NIFTY-Nov2025-30100-PE,NIFTY 25 NOV 30100 PUT,OP,NA,75,11/25/2025,30100,PE,5,M,N,N,N,NA
NSE,D,43473,NA,OPTIDX,26000,NIFTY,NIFTY-Nov2025-30700-CE,NIFTY 25 NOV 30700 CALL,OP,NA,75,11/25/2025,30700,CE,5,M,N,N,N,NA
NSE,D,43474,NA,OPTIDX,26000,NIFTY,NIFTY-Nov2025-30700-PE,NIFTY 25 NOV 30700 PUT,OP,NA,75,11/25/2025,30700,PE,5,M,N,N,N,NA
NSE,D,43475,NA,OPTIDX,26000,NIFTY,NIFTY-Nov2025-30750-CE,NIFTY 25 NOV 30750 CALL,OP,NA,75,11/25/2025,30750,CE,5,M,N,N,N,NA
NSE,D,43476,NA,OPTIDX,26000,NIFTY,NIFTY-Nov2025-30750-PE,NIFTY 25 NOV 30750 PUT,OP,NA,75,11/25/2025,30750,PE,5,M,N,N,N,NA
NSE,D,43477,NA,OPTIDX,26000,NIFTY,NIFTY-Nov2025-30800-CE,NIFTY 25 NOV 30800 CALL,OP,NA,75,11/25/2025,30800,CE,5,M,N,N,N,NA
NSE,D,43478,NA,OPTIDX,26000,NIFTY,NIFTY-Nov2025-30800-PE,NIFTY 25 NOV 30800 PUT,OP,NA,75,11/25/2025,30800,PE,5,M,N,N,N,NA
NSE,D,43479,NA,OPTIDX,26000,NIFTY,NIFTY-Nov2025-30850-CE,NIFTY 25 NOV 30850 CALL,OP,NA,75,11/25/2025,30850,CE,5,M,N,N,N,NA
NSE,D,43480,NA,OPTIDX,26000,NIFTY,NIFTY-Nov2025-30850-PE,NIFTY 25 NOV 30850 PUT,OP,NA,75,11/25/2025,30850,PE,5,M,N,N,N,NA
NSE,D,43698,NA,OPTIDX,26000,NIFTY,NIFTY-Nov2025-30300-CE,NIFTY 25 NOV 30300 CALL,OP,NA,75,11/25/2025,30300,CE,5,M,N,N,N,NA
NSE,D,43699,NA,OPTIDX,26000,NIFTY,NIFTY-Nov2025-30300-PE,NIFTY 25 NOV 30300 PUT,OP,NA,75,11/25/2025,30300,PE,5,M,N,N,N,NA
NSE,D,43700,NA,OPTIDX,26000,NIFTY,NIFTY-Nov2025-30350-CE,NIFTY 25 NOV 30350 CALL,OP,NA,75,11/25/2025,30350,CE,5,M,N,N,N,NA
NSE,D,43701,NA,OPTIDX,26000,NIFTY,NIFTY-Nov2025-30350-PE,NIFTY 25 NOV 30350 PUT,OP,NA,75,11/25/2025,30350,PE,5,M,N,N,N,NA
NSE,D,44074,NA,OPTIDX,26000,NIFTY,NIFTY-Nov2025-30550-CE,NIFTY 25 NOV 30550 CALL,OP,NA,75,11/25/2025,30550,CE,5,M,N,N,N,NA
NSE,D,44075,NA,OPTIDX,26000,NIFTY,NIFTY-Nov2025-30550-PE,NIFTY 25 NOV 30550 PUT,OP,NA,75,11/25/2025,30550,PE,5,M,N,N,N,NA
NSE,D,44078,NA,OPTIDX,26000,NIFTY,NIFTY-Nov2025-30600-CE,NIFTY 25 NOV 30600 CALL,OP,NA,75,11/25/2025,30600,CE,5,M,N,N,N,NA
NSE,D,44079,NA,OPTIDX,26000,NIFTY,NIFTY-Nov2025-30600-PE,NIFTY 25 NOV 30600 PUT,OP,NA,75,11/25/2025,30600,PE,5,M,N,N,N,NA
NSE,D,45054,NA,OPTIDX,26000,NIFTY,NIFTY-Nov2025-31150-CE,NIFTY 25 NOV 31150 CALL,OP,NA,75,11/25/2025,31150,CE,5,M,N,N,N,NA
NSE,D,45055,NA,OPTIDX,26000,NIFTY,NIFTY-Nov2025-31150-PE,NIFTY 25 NOV 31150 PUT,OP,NA,75,11/25/2025,31150,PE,5,M,N,N,N,NA
NSE,D,45058,NA,OPTIDX,26000,NIFTY,NIFTY-Nov2025-30650-CE,NIFTY 25 NOV 30650 CALL,OP,NA,75,11/25/2025,30650,CE,5,M,N,N,N,NA
NSE,D,45061,NA,OPTIDX,26000,NIFTY,NIFTY-Nov2025-30650-PE,NIFTY 25 NOV 30650 PUT,OP,NA,75,11/25/2025,30650,PE,5,M,N,N,N,NA
NSE,D,45624,NA,OPTIDX,26000,NIFTY,NIFTY-Nov2025-30400-CE,NIFTY 25 NOV 30400 CALL,OP,NA,75,11/25/2025,30400,CE,5,M,N,N,N,NA
NSE,D,45625,NA,OPTIDX,26000,NIFTY,NIFTY-Nov2025-30400-PE,NIFTY 25 NOV 30400 PUT,OP,NA,75,11/25/2025,30400,PE,5,M,N,N,N,NA
NSE,D,45631,NA,OPTIDX,26000,NIFTY,NIFTY-Nov2025-30450-CE,NIFTY 25 NOV 30450 CALL,OP,NA,75,11/25/2025,30450,CE,5,M,N,N,N,NA
NSE,D,45632,NA,OPTIDX,26000,NIFTY,NIFTY-Nov2025-30450-PE,NIFTY 25 NOV 30450 PUT,OP,NA,75,11/25/2025,30450,PE,5,M,N,N,N,NA
NSE,D,45633,NA,OPTIDX,26000,NIFTY,NIFTY-Nov2025-30500-CE,NIFTY 25 NOV 30500 CALL,OP,NA,75,11/25/2025,30500,CE,5,M,N,N,N,NA
NSE,D,45634,NA,OPTIDX,26000,NIFTY,NIFTY-Nov2025-30500-PE,NIFTY 25 NOV 30500 PUT,OP,NA,75,11/25/2025,30500,PE,5,M,N,N,N,NA
NSE,D,45821,NA,OPTIDX,26000,NIFTY,NIFTY-Nov2025-30900-CE,NIFTY 25 NOV 30900 CALL,OP,NA,75,11/25/2025,30900,CE,5,M,N,N,N,NA
NSE,D,45822,NA,OPTIDX,26000,NIFTY,NIFTY-Nov2025-30900-PE,NIFTY 25 NOV 30900 PUT,OP,NA,75,11/25/2025,30900,PE,5,M,N,N,N,NA
NSE,D,45827,NA,OPTIDX,26000,NIFTY,NIFTY-Nov2025-30950-CE,NIFTY 25 NOV 30950 CALL,OP,NA,75,11/25/2025,30950,CE,5,M,N,N,N,NA
NSE,D,45828,NA,OPTIDX,26000,NIFTY,NIFTY-Nov2025-30950-PE,NIFTY 25 NOV 30950 PUT,OP,NA,75,11/25/2025,30950,PE,5,M,N,N,N,NA
NSE,D,46421,NA,OPTIDX,26000,NIFTY,NIFTY-Nov2025-31000-CE,NIFTY 25 NOV 31000 CALL,OP,NA,75,11/25/2025,31000,CE,5,M,N,N,N,NA
NSE,D,46424,NA,OPTIDX,26000,NIFTY,NIFTY-Nov2025-31000-PE,NIFTY 25 NOV 31000 PUT,OP,NA,75,11/25/2025,31000,PE,5,M,N,N,N,NA
NSE,D,46425,NA,OPTIDX,26000,NIFTY,NIFTY-Nov2025-31050-CE,NIFTY 25 NOV 31050 CALL,OP,NA,75,11/25/2025,31050,CE,5,M,N,N,N,NA
NSE,D,46426,NA,OPTIDX,26000,NIFTY,NIFTY-Nov2025-31050-PE,NIFTY 25 NOV 31050 PUT,OP,NA,75,11/25/2025,31050,PE,5,M,N,N,N,NA
NSE,D,46427,NA,OPTIDX,26000,NIFTY,NIFTY-Nov2025-31100-CE,NIFTY 25 NOV 31100 CALL,OP,NA,75,11/25/2025,31100,CE,5,M,N,N,N,NA
NSE,D,46428,NA,OPTIDX,26000,NIFTY,NIFTY-Nov2025-31100-PE,NIFTY 25 NOV 31100 PUT,OP,NA,75,11/25/2025,31100,PE,5,M,N,N,N,NA
NSE,D,48497,NA,OPTIDX,26000,NIFTY,NIFTY-Nov2025-31200-CE,NIFTY 25 NOV 31200 CALL,OP,NA,75,11/25/2025,31200,CE,5,M,N,N,N,NA
NSE,D,48498,NA,OPTIDX,26000,NIFTY,NIFTY-Nov2025-31200-PE,NIFTY 25 NOV 31200 PUT,OP,NA,75,11/25/2025,31200,PE,5,M,N,N,N,NA
NSE,D,52089,NA,OPTIDX,26000,NIFTY,NIFTY-Nov2025-19250-CE,NIFTY 25 NOV 19250 CALL,OP,NA,75,11/25/2025,19250,CE,5,M,N,N,N,NA
NSE,D,52090,NA,OPTIDX,26000,NIFTY,NIFTY-Nov2025-19250-PE,NIFTY 25 NOV 19250 PUT,OP,NA,75,11/25/2025,19250,PE,5,M,N,N,N,NA
NSE,D,52091,NA,OPTIDX,26000,NIFTY,NIFTY-Nov2025-19300-CE,NIFTY 25 NOV 19300 CALL,OP,NA,75,11/25/2025,19300,CE,5,M,N,N,N,NA
NSE,D,52092,NA,OPTIDX,26000,NIFTY,NIFTY-Nov2025-19300-PE,NIFTY 25 NOV 19300 PUT,OP,NA,75,11/25/2025,19300,PE,5,M,N,N,N,NA
NSE,D,52093,NA,OPTIDX,26000,NIFTY,NIFTY-Nov2025-19350-CE,NIFTY 25 NOV 19350 CALL,OP,NA,75,11/25/2025,19350,CE,5,M,N,N,N,NA
NSE,D,52094,NA,OPTIDX,26000,NIFTY,NIFTY-Nov2025-19350-PE,NIFTY 25 NOV 19350 PUT,OP,NA,75,11/25/2025,19350,PE,5,M,N,N,N,NA
NSE,D,52095,NA,OPTIDX,26000,NIFTY,NIFTY-Nov2025-19400-CE,NIFTY 25 NOV 19400 CALL,OP,NA,75,11/25/2025,19400,CE,5,M,N,N,N,NA
NSE,D,52096,NA,OPTIDX,26000,NIFTY,NIFTY-Nov2025-19400-PE,NIFTY 25 NOV 19400 PUT,OP,NA,75,11/25/2025,19400,PE,5,M,N,N,N,NA
NSE,D,52098,NA,OPTIDX,26000,NIFTY,NIFTY-Nov2025-19450-CE,NIFTY 25 NOV 19450 CALL,OP,NA,75,11/25/2025,19450,CE,5,M,N,N,N,NA
NSE,D,52099,NA,OPTIDX,26000,NIFTY,NIFTY-Nov2025-19450-PE,NIFTY 25 NOV 19450 PUT,OP,NA,75,11/25/2025,19450,PE,5,M,N,N,N,NA
NSE,D,52100,NA,OPTIDX,26000,NIFTY,NIFTY-Nov2025-19500-CE,NIFTY 25 NOV 19500 CALL,OP,NA,75,11/25/2025,19500,CE,5,M,N,N,N,NA
NSE,D,52101,NA,OPTIDX,26000,NIFTY,NIFTY-Nov2025-19500-PE,NIFTY 25 NOV 19500 PUT,OP,NA,75,11/25/2025,19500,PE,5,M,N,N,N,NA
NSE,D,52102,NA,OPTIDX,26000,NIFTY,NIFTY-Nov2025-19550-CE,NIFTY 25 NOV 19550 CALL,OP,NA,75,11/25/2025,19550,CE,5,M,N,N,N,NA
NSE,D,52103,NA,OPTIDX,26000,NIFTY,NIFTY-Nov2025-19550-PE,NIFTY 25 NOV 19550 PUT,OP,NA,75,11/25/2025,19550,PE,5,M,N,N,N,NA
NSE,D,52107,NA,OPTIDX,26000,NIFTY,NIFTY-Nov2025-19600-CE,NIFTY 25 NOV 19600 CALL,OP,NA,75,11/25/2025,19600,CE,5,M,N,N,N,NA
NSE,D,52108,NA,OPTIDX,26000,NIFTY,NIFTY-Nov2025-19600-PE,NIFTY 25 NOV 19600 PUT,OP,NA,75,11/25/2025,19600,PE,5,M,N,N,N,NA
NSE,D,52109,NA,OPTIDX,26000,NIFTY,NIFTY-Nov2025-19650-CE,NIFTY 25 NOV 19650 CALL,OP,NA,75,11/25/2025,19650,CE,5,M,N,N,N,NA
NSE,D,52110,NA,OPTIDX,26000,NIFTY,NIFTY-Nov2025-19650-PE,NIFTY 25 NOV 19650 PUT,OP,NA,75,11/25/2025,19650,PE,5,M,N,N,N,NA
NSE,D,52112,NA,OPTIDX,26000,NIFTY,NIFTY-Nov2025-19700-CE,NIFTY 25 NOV 19700 CALL,OP,NA,75,11/25/2025,19700,CE,5,M,N,N,N,NA
NSE,D,52113,NA,OPTIDX,26000,NIFTY,NIFTY-Nov2025-19700-PE,NIFTY 25 NOV 19700 PUT,OP,NA,75,11/25/2025,19700,PE,5,M,N,N,N,NA
NSE,D,52114,NA,OPTIDX,26000,NIFTY,NIFTY-Nov2025-19750-CE,NIFTY 25 NOV 19750 CALL,OP,NA,75,11/25/2025,19750,CE,5,M,N,N,N,NA
NSE,D,52115,NA,OPTIDX,26000,NIFTY,NIFTY-Nov2025-19750-PE,NIFTY 25 NOV 19750 PUT,OP,NA,75,11/25/2025,19750,PE,5,M,N,N,N,NA
NSE,D,52116,NA,OPTIDX,26000,NIFTY,NIFTY-Nov2025-19800-CE,NIFTY 25 NOV 19800 CALL,OP,NA,75,11/25/2025,19800,CE,5,M,N,N,N,NA
NSE,D,52117,NA,OPTIDX,26000,NIFTY,NIFTY-Nov2025-19800-PE,NIFTY 25 NOV 19800 PUT,OP,NA,75,11/25/2025,19800,PE,5,M,N,N,N,NA
NSE,D,52118,NA,OPTIDX,26000,NIFTY,NIFTY-Nov2025-19850-CE,NIFTY 25 NOV 19850 CALL,OP,NA,75,11/25/2025,19850,CE,5,M,N,N,N,NA
NSE,D,52119,NA,OPTIDX,26000,NIFTY,NIFTY-Nov2025-19850-PE,NIFTY 25 NOV 19850 PUT,OP,NA,75,11/25/2025,19850,PE,5,M,N,N,N,NA
NSE,D,52120,NA,OPTIDX,26000,NIFTY,NIFTY-Nov2025-19900-CE,NIFTY 25 NOV 19900 CALL,OP,NA,75,11/25/2025,19900,CE,5,M,N,N,N,NA
NSE,D,52121,NA,OPTIDX,26000,NIFTY,NIFTY-Nov2025-19900-PE,NIFTY 25 NOV 19900 PUT,OP,NA,75,11/25/2025,19900,PE,5,M,N,N,N,NA
NSE,D,52122,NA,OPTIDX,26000,NIFTY,NIFTY-Nov2025-19950-CE,NIFTY 25 NOV 19950 CALL,OP,NA,75,11/25/2025,19950,CE,5,M,N,N,N,NA
NSE,D,52123,NA,OPTIDX,26000,NIFTY,NIFTY-Nov2025-19950-PE,NIFTY 25 NOV 19950 PUT,OP,NA,75,11/25/2025,19950,PE,5,M,N,N,N,NA
NSE,D,52124,NA,OPTIDX,26000,NIFTY,NIFTY-Nov2025-20000-CE,NIFTY 25 NOV 20000 CALL,OP,NA,75,11/25/2025,20000,CE,5,M,N,N,N,NA
NSE,D,52125,NA,OPTIDX,26000,NIFTY,NIFTY-Nov2025-20000-PE,NIFTY 25 NOV 20000 PUT,OP,NA,75,11/25/2025,20000,PE,5,M,N,N,N,NA
NSE,D,52126,NA,OPTIDX,26000,NIFTY,NIFTY-Nov2025-20050-CE,NIFTY 25 NOV 20050 CALL,OP,NA,75,11/25/2025,20050,CE,5,M,N,N,N,NA
NSE,D,52127,NA,OPTIDX,26000,NIFTY,NIFTY-Nov2025-20050-PE,NIFTY 25 NOV 20050 PUT,OP,NA,75,11/25/2025,20050,PE,5,M,N,N,N,NA
NSE,D,52128,NA,OPTIDX,26000,NIFTY,NIFTY-Nov2025-20100-CE,NIFTY 25 NOV 20100 CALL,OP,NA,75,11/25/2025,20100,CE,5,M,N,N,N,NA
NSE,D,52129,NA,OPTIDX,26000,NIFTY,NIFTY-Nov2025-20100-PE,NIFTY 25 NOV 20100 PUT,OP,NA,75,11/25/2025,20100,PE,5,M,N,N,N,NA
NSE,D,52130,NA,OPTIDX,26000,NIFTY,NIFTY-Nov2025-20150-CE,NIFTY 25 NOV 20150 CALL,OP,NA,75,11/25/2025,20150,CE,5,M,N,N,N,NA
NSE,D,52131,NA,OPTIDX,26000,NIFTY,NIFTY-Nov2025-20150-PE,NIFTY 25 NOV 20150 PUT,OP,NA,75,11/25/2025,20150,PE,5,M,N,N,N,NA
NSE,D,52132,NA,OPTIDX,26000,NIFTY,NIFTY-Nov2025-20200-CE,NIFTY 25 NOV 20200 CALL,OP,NA,75,11/25/2025,20200,CE,5,M,N,N,N,NA
NSE,D,52133,NA,OPTIDX,26000,NIFTY,NIFTY-Nov2025-20200-PE,NIFTY 25 NOV 20200 PUT,OP,NA,75,11/25/2025,20200,PE,5,M,N,N,N,NA
NSE,D,52134,NA,OPTIDX,26000,NIFTY,NIFTY-Nov2025-20250-CE,NIFTY 25 NOV 20250 CALL,OP,NA,75,11/25/2025,20250,CE,5,M,N,N,N,NA
NSE,D,52135,NA,OPTIDX,26000,NIFTY,NIFTY-Nov2025-20250-PE,NIFTY 25 NOV 20250 PUT,OP,NA,75,11/25/2025,20250,PE,5,M,N,N,N,NA
NSE,D,52136,NA,OPTIDX,26000,NIFTY,NIFTY-Nov2025-20300-CE,NIFTY 25 NOV 20300 CALL,OP,NA,75,11/25/2025,20300,CE,5,M,N,N,N,NA
NSE,D,52137,NA,OPTIDX,26000,NIFTY,NIFTY-Nov2025-20300-PE,NIFTY 25 NOV 20300 PUT,OP,NA,75,11/25/2025,20300,PE,5,M,N,N,N,NA
NSE,D,52141,NA,OPTIDX,26000,NIFTY,NIFTY-Nov2025-20350-CE,NIFTY 25 NOV 20350 CALL,OP,NA,75,11/25/2025,20350,CE,5,M,N,N,N,NA
NSE,D,52142,NA,OPTIDX,26000,NIFTY,NIFTY-Nov2025-20350-PE,NIFTY 25 NOV 20350 PUT,OP,NA,75,11/25/2025,20350,PE,5,M,N,N,N,NA
NSE,D,52143,NA,OPTIDX,26000,NIFTY,NIFTY-Nov2025-20400-CE,NIFTY 25 NOV 20400 CALL,OP,NA,75,11/25/2025,20400,CE,5,M,N,N,N,NA
NSE,D,52144,NA,OPTIDX,26000,NIFTY,NIFTY-Nov2025-20400-PE,NIFTY 25 NOV 20400 PUT,OP,NA,75,11/25/2025,20400,PE,5,M,N,N,N,NA
NSE,D,52148,NA,OPTIDX,26000,NIFTY,NIFTY-Nov2025-20450-CE,NIFTY 25 NOV 20450 CALL,OP,NA,75,11/25/2025,20450,CE,5,M,N,N,N,NA
NSE,D,52149,NA,OPTIDX,26000,NIFTY,NIFTY-Nov2025-20450-PE,NIFTY 25 NOV 20450 PUT,OP,NA,75,11/25/2025,20450,PE,5,M,N,N,N,NA
NSE,D,52150,NA,OPTIDX,26000,NIFTY,NIFTY-Nov2025-20500-CE,NIFTY 25 NOV 20500 CALL,OP,NA,75,11/25/2025,20500,CE,5,M,N,N,N,NA
NSE,D,52151,NA,OPTIDX,26000,NIFTY,NIFTY-Nov2025-20500-PE,NIFTY 25 NOV 20500 PUT,OP,NA,75,11/25/2025,20500,PE,5,M,N,N,N,NA
NSE,D,52152,NA,OPTIDX,26000,NIFTY,NIFTY-Nov2025-20550-CE,NIFTY 25 NOV 20550 CALL,OP,NA,75,11/25/2025,20550,CE,5,M,N,N,N,NA
NSE,D,52153,NA,OPTIDX,26000,NIFTY,NIFTY-Nov2025-20550-PE,NIFTY 25 NOV 20550 PUT,OP,NA,75,11/25/2025,20550,PE,5,M,N,N,N,NA
NSE,D,52154,NA,OPTIDX,26000,NIFTY,NIFTY-Nov2025-20600-CE,NIFTY 25 NOV 20600 CALL,OP,NA,75,11/25/2025,20600,CE,5,M,N,N,N,NA
NSE,D,52155,NA,OPTIDX,26000,NIFTY,NIFTY-Nov2025-20600-PE,NIFTY 25 NOV 20600 PUT,OP,NA,75,11/25/2025,20600,PE,5,M,N,N,N,NA
NSE,D,52156,NA,OPTIDX,26000,NIFTY,NIFTY-Nov2025-20650-CE,NIFTY 25 NOV 20650 CALL,OP,NA,75,11/25/2025,20650,CE,5,M,N,N,N,NA
NSE,D,52157,NA,OPTIDX,26000,NIFTY,NIFTY-Nov2025-20650-PE,NIFTY 25 NOV 20650 PUT,OP,NA,75,11/25/2025,20650,PE,5,M,N,N,N,NA
NSE,D,52158,NA,OPTIDX,26000,NIFTY,NIFTY-Nov2025-20700-CE,NIFTY 25 NOV 20700 CALL,OP,NA,75,11/25/2025,20700,CE,5,M,N,N,N,NA
NSE,D,52159,NA,OPTIDX,26000,NIFTY,NIFTY-Nov2025-20700-PE,NIFTY 25 NOV 20700 PUT,OP,NA,75,11/25/2025,20700,PE,5,M,N,N,N,NA
NSE,D,52160,NA,OPTIDX,26000,NIFTY,NIFTY-Nov2025-20750-CE,NIFTY 25 NOV 20750 CALL,OP,NA,75,11/25/2025,20750,CE,5,M,N,N,N,NA
NSE,D,52161,NA,OPTIDX,26000,NIFTY,NIFTY-Nov2025-20750-PE,NIFTY 25 NOV 20750 PUT,OP,NA,75,11/25/2025,20750,PE,5,M,N,N,N,NA
NSE,D,52162,NA,OPTIDX,26000,NIFTY,NIFTY-Nov2025-20800-CE,NIFTY 25 NOV 20800 CALL,OP,NA,75,11/25/2025,20800,CE,5,M,N,N,N,NA
NSE,D,52163,NA,OPTIDX,26000,NIFTY,NIFTY-Nov2025-20800-PE,NIFTY 25 NOV 20800 PUT,OP,NA,75,11/25/2025,20800,PE,5,M,N,N,N,NA
NSE,D,52164,NA,OPTIDX,26000,NIFTY,NIFTY-Nov2025-20850-CE,NIFTY 25 NOV 20850 CALL,OP,NA,75,11/25/2025,20850,CE,5,M,N,N,N,NA
NSE,D,52165,NA,OPTIDX,26000,NIFTY,NIFTY-Nov2025-20850-PE,NIFTY 25 NOV 20850 PUT,OP,NA,75,11/25/2025,20850,PE,5,M,N,N,N,NA
NSE,D,52166,NA,OPTIDX,26000,NIFTY,NIFTY-Nov2025-20900-CE,NIFTY 25 NOV 20900 CALL,OP,NA,75,11/25/2025,20900,CE,5,M,N,N,N,NA
NSE,D,52167,NA,OPTIDX,26000,NIFTY,NIFTY-Nov2025-20900-PE,NIFTY 25 NOV 20900 PUT,OP,NA,75,11/25/2025,20900,PE,5,M,N,N,N,NA
NSE,D,52180,NA,OPTIDX,26000,NIFTY,NIFTY-Nov2025-20950-CE,NIFTY 25 NOV 20950 CALL,OP,NA,75,11/25/2025,20950,CE,5,M,N,N,N,NA
NSE,D,52181,NA,OPTIDX,26000,NIFTY,NIFTY-Nov2025-20950-PE,NIFTY 25 NOV 20950 PUT,OP,NA,75,11/25/2025,20950,PE,5,M,N,N,N,NA
NSE,D,52182,NA,OPTIDX,26000,NIFTY,NIFTY-Nov2025-21000-CE,NIFTY 25 NOV 21000 CALL,OP,NA,75,11/25/2025,21000,CE,5,M,N,N,N,NA
NSE,D,52183,NA,OPTIDX,26000,NIFTY,NIFTY-Nov2025-21000-PE,NIFTY 25 NOV 21000 PUT,OP,NA,75,11/25/2025,21000,PE,5,M,N,N,N,NA
NSE,D,52184,NA,OPTIDX,26000,NIFTY,NIFTY-Nov2025-21050-CE,NIFTY 25 NOV 21050 CALL,OP,NA,75,11/25/2025,21050,CE,5,M,N,N,N,NA
NSE,D,52185,NA,OPTIDX,26000,NIFTY,NIFTY-Nov2025-21050-PE,NIFTY 25 NOV 21050 PUT,OP,NA,75,11/25/2025,21050,PE,5,M,N,N,N,NA
NSE,D,52186,NA,OPTIDX,26000,NIFTY,NIFTY-Nov2025-21100-CE,NIFTY 25 NOV 21100 CALL,OP,NA,75,11/25/2025,21100,CE,5,M,N,N,N,NA
NSE,D,52187,NA,OPTIDX,26000,NIFTY,NIFTY-Nov2025-21100-PE,NIFTY 25 NOV 21100 PUT,OP,NA,75,11/25/2025,21100,PE,5,M,N,N,N,NA
NSE,D,52188,NA,OPTIDX,26000,NIFTY,NIFTY-Nov2025-21150-CE,NIFTY 25 NOV 21150 CALL,OP,NA,75,11/25/2025,21150,CE,5,M,N,N,N,NA
NSE,D,52189,NA,OPTIDX,26000,NIFTY,NIFTY-Nov2025-21150-PE,NIFTY 25 NOV 21150 PUT,OP,NA,75,11/25/2025,21150,PE,5,M,N,N,N,NA
NSE,D,52190,NA,OPTIDX,26000,NIFTY,NIFTY-Nov2025-21200-CE,NIFTY 25 NOV 21200 CALL,OP,NA,75,11/25/2025,21200,CE,5,M,N,N,N,NA
NSE,D,52191,NA,OPTIDX,26000,NIFTY,NIFTY-Nov2025-21200-PE,NIFTY 25 NOV 21200 PUT,OP,NA,75,11/25/2025,21200,PE,5,M,N,N,N,NA
NSE,D,52192,NA,OPTIDX,26000,NIFTY,NIFTY-Nov2025-21250-CE,NIFTY 25 NOV 21250 CALL,OP,NA,75,11/25/2025,21250,CE,5,M,N,N,N,NA
NSE,D,52193,NA,OPTIDX,26000,NIFTY,NIFTY-Nov2025-21250-PE,NIFTY 25 NOV 21250 PUT,OP,NA,75,11/25/2025,21250,PE,5,M,N,N,N,NA
NSE,D,52225,NA,OPTIDX,26000,NIFTY,NIFTY-Nov2025-21300-CE,NIFTY 25 NOV 21300 CALL,OP,NA,75,11/25/2025,21300,CE,5,M,N,N,N,NA
NSE,D,52226,NA,OPTIDX,26000,NIFTY,NIFTY-Nov2025-21300-PE,NIFTY 25 NOV 21300 PUT,OP,NA,75,11/25/2025,21300,PE,5,M,N,N,N,NA
NSE,D,52231,NA,OPTIDX,26000,NIFTY,NIFTY-Nov2025-21350-CE,NIFTY 25 NOV 21350 CALL,OP,NA,75,11/25/2025,21350,CE,5,M,N,N,N,NA
NSE,D,52232,NA,OPTIDX,26000,NIFTY,NIFTY-Nov2025-21350-PE,NIFTY 25 NOV 21350 PUT,OP,NA,75,11/25/2025,21350,PE,5,M,N,N,N,NA
NSE,D,52233,NA,OPTIDX,26000,NIFTY,NIFTY-Nov2025-21400-CE,NIFTY 25 NOV 21400 CALL,OP,NA,75,11/25/2025,21400,CE,5,M,N,N,N,NA
NSE,D,52234,NA,OPTIDX,26000,NIFTY,NIFTY-Nov2025-21400-PE,NIFTY 25 NOV 21400 PUT,OP,NA,75,11/25/2025,21400,PE,5,M,N,N,N,NA
NSE,D,52235,NA,OPTIDX,26000,NIFTY,NIFTY-Nov2025-21450-CE,NIFTY 25 NOV 21450 CALL,OP,NA,75,11/25/2025,21450,CE,5,M,N,N,N,NA
NSE,D,52236,NA,OPTIDX,26000,NIFTY,NIFTY-Nov2025-21450-PE,NIFTY 25 NOV 21450 PUT,OP,NA,75,11/25/2025,21450,PE,5,M,N,N,N,NA
NSE,D,52252,NA,OPTIDX,26000,NIFTY,NIFTY-Nov2025-21500-CE,NIFTY 25 NOV 21500 CALL,OP,NA,75,11/25/2025,21500,CE,5,M,N,N,N,NA
NSE,D,52253,NA,OPTIDX,26000,NIFTY,NIFTY-Nov2025-21500-PE,NIFTY 25 NOV 21500 PUT,OP,NA,75,11/25/2025,21500,PE,5,M,N,N,N,NA
NSE,D,52278,NA,OPTIDX,26000,NIFTY,NIFTY-Nov2025-21550-CE,NIFTY 25 NOV 21550 CALL,OP,NA,75,11/25/2025,21550,CE,5,M,N,N,N,NA
NSE,D,52279,NA,OPTIDX,26000,NIFTY,NIFTY-Nov2025-21550-PE,NIFTY 25 NOV 21550 PUT,OP,NA,75,11/25/2025,21550,PE,5,M,N,N,N,NA
NSE,D,52293,NA,OPTIDX,26000,NIFTY,NIFTY-Nov2025-21600-CE,NIFTY 25 NOV 21600 CALL,OP,NA,75,11/25/2025,21600,CE,5,M,N,N,N,NA
NSE,D,52294,NA,OPTIDX,26000,NIFTY,NIFTY-Nov2025-21600-PE,NIFTY 25 NOV 21600 PUT,OP,NA,75,11/25/2025,21600,PE,5,M,N,N,N,NA
NSE,D,52295,NA,OPTIDX,26000,NIFTY,NIFTY-Nov2025-21650-CE,NIFTY 25 NOV 21650 CALL,OP,NA,75,11/25/2025,21650,CE,5,M,N,N,N,NA
NSE,D,52296,NA,OPTIDX,26000,NIFTY,NIFTY-Nov2025-21650-PE,NIFTY 25 NOV 21650 PUT,OP,NA,75,11/25/2025,21650,PE,5,M,N,N,N,NA
NSE,D,52299,NA,OPTIDX,26000,NIFTY,NIFTY-Nov2025-21700-CE,NIFTY 25 NOV 21700 CALL,OP,NA,75,11/25/2025,21700,CE,5,M,N,N,N,NA
NSE,D,52300,NA,OPTIDX,26000,NIFTY,NIFTY-Nov2025-21700-PE,NIFTY 25 NOV 21700 PUT,OP,NA,75,11/25/2025,21700,PE,5,M,N,N,N,NA
NSE,D,52312,NA,OPTIDX,26000,NIFTY,NIFTY-Nov2025-21750-CE,NIFTY 25 NOV 21750 CALL,OP,NA,75,11/25/2025,21750,CE,5,M,N,N,N,NA
NSE,D,52313,NA,OPTIDX,26000,NIFTY,NIFTY-Nov2025-21750-PE,NIFTY 25 NOV 21750 PUT,OP,NA,75,11/25/2025,21750,PE,5,M,N,N,N,NA
NSE,D,52320,NA,OPTIDX,26000,NIFTY,NIFTY-Nov2025-21800-CE,NIFTY 25 NOV 21800 CALL,OP,NA,75,11/25/2025,21800,CE,5,M,N,N,N,NA
NSE,D,52321,NA,OPTIDX,26000,NIFTY,NIFTY-Nov2025-21800-PE,NIFTY 25 NOV 21800 PUT,OP,NA,75,11/25/2025,21800,PE,5,M,N,N,N,NA
NSE,D,52322,NA,OPTIDX,26000,NIFTY,NIFTY-Nov2025-21850-CE,NIFTY 25 NOV 21850 CALL,OP,NA,75,11/25/2025,21850,CE,5,M,N,N,N,NA
NSE,D,52323,NA,OPTIDX,26000,NIFTY,NIFTY-Nov2025-21850-PE,NIFTY 25 NOV 21850 PUT,OP,NA,75,11/25/2025,21850,PE,5,M,N,N,N,NA
NSE,D,52324,NA,OPTIDX,26000,NIFTY,NIFTY-Nov2025-21900-CE,NIFTY 25 NOV 21900 CALL,OP,NA,75,11/25/2025,21900,CE,5,M,N,N,N,NA
NSE,D,52325,NA,OPTIDX,26000,NIFTY,NIFTY-Nov2025-21900-PE,NIFTY 25 NOV 21900 PUT,OP,NA,75,11/25/2025,21900,PE,5,M,N,N,N,NA
NSE,D,52330,NA,OPTIDX,26000,NIFTY,NIFTY-Nov2025-21950-CE,NIFTY 25 NOV 21950 CALL,OP,NA,75,11/25/2025,21950,CE,5,M,N,N,N,NA
NSE,D,52331,NA,OPTIDX,26000,NIFTY,NIFTY-Nov2025-21950-PE,NIFTY 25 NOV 21950 PUT,OP,NA,75,11/25/2025,21950,PE,5,M,N,N,N,NA
NSE,D,52332,NA,OPTIDX,26000,NIFTY,NIFTY-Nov2025-22000-CE,NIFTY 25 NOV 22000 CALL,OP,NA,75,11/25/2025,22000,CE,5,M,N,N,N,NA
NSE,D,52333,NA,OPTIDX,26000,NIFTY,NIFTY-Nov2025-22000-PE,NIFTY 25 NOV 22000 PUT,OP,NA,75,11/25/2025,22000,PE,5,M,N,N,N,NA
NSE,D,52346,NA,OPTIDX,26000,NIFTY,NIFTY-Nov2025-22050-CE,NIFTY 25 NOV 22050 CALL,OP,NA,75,11/25/2025,22050,CE,5,M,N,N,N,NA
NSE,D,52347,NA,OPTIDX,26000,NIFTY,NIFTY-Nov2025-22050-PE,NIFTY 25 NOV 22050 PUT,OP,NA,75,11/25/2025,22050,PE,5,M,N,N,N,NA
NSE,D,52348,NA,OPTIDX,26000,NIFTY,NIFTY-Nov2025-22100-CE,NIFTY 25 NOV 22100 CALL,OP,NA,75,11/25/2025,22100,CE,5,M,N,N,N,NA
NSE,D,52349,NA,OPTIDX,26000,NIFTY,NIFTY-Nov2025-22100-PE,NIFTY 25 NOV 22100 PUT,OP,NA,75,11/25/2025,22100,PE,5,M,N,N,N,NA
NSE,D,52354,NA,OPTIDX,26000,NIFTY,NIFTY-Nov2025-22150-CE,NIFTY 25 NOV 22150 CALL,OP,NA,75,11/25/2025,22150,CE,5,M,N,N,N,NA
NSE,D,52355,NA,OPTIDX,26000,NIFTY,NIFTY-Nov2025-22150-PE,NIFTY 25 NOV 22150 PUT,OP,NA,75,11/25/2025,22150,PE,5,M,N,N,N,NA
NSE,D,52356,NA,OPTIDX,26000,NIFTY,NIFTY-Nov2025-22200-CE,NIFTY 25 NOV 22200 CALL,OP,NA,75,11/25/2025,22200,CE,5,M,N,N,N,NA
NSE,D,52357,NA,OPTIDX,26000,NIFTY,NIFTY-Nov2025-22200-PE,NIFTY 25 NOV 22200 PUT,OP,NA,75,11/25/2025,22200,PE,5,M,N,N,N,NA
NSE,D,52373,NA,OPTIDX,26000,NIFTY,NIFTY-Nov2025-22250-CE,NIFTY 25 NOV 22250 CALL,OP,NA,75,11/25/2025,22250,CE,5,M,N,N,N,NA
NSE,D,52376,NA,OPTIDX,26000,NIFTY,NIFTY-Nov2025-22250-PE,NIFTY 25 NOV 22250 PUT,OP,NA,75,11/25/2025,22250,PE,5,M,N,N,N,NA
NSE,D,52377,NA,OPTIDX,26000,NIFTY,NIFTY-Nov2025-22300-CE,NIFTY 25 NOV 22300 CALL,OP,NA,75,11/25/2025,22300,CE,5,M,N,N,N,NA
NSE,D,52385,NA,OPTIDX,26000,NIFTY,NIFTY-Nov2025-22300-PE,NIFTY 25 NOV 22300 PUT,OP,NA,75,11/25/2025,22300,PE,5,M,N,N,N,NA
NSE,D,52386,NA,OPTIDX,26000,NIFTY,NIFTY-Nov2025-22350-CE,NIFTY 25 NOV 22350 CALL,OP,NA,75,11/25/2025,22350,CE,5,M,N,N,N,NA
NSE,D,52387,NA,OPTIDX,26000,NIFTY,NIFTY-Nov2025-22350-PE,NIFTY 25 NOV 22350 PUT,OP,NA,75,11/25/2025,22350,PE,5,M,N,N,N,NA
NSE,D,52392,NA,OPTIDX,26000,NIFTY,NIFTY-Nov2025-22400-CE,NIFTY 25 NOV 22400 CALL,OP,NA,75,11/25/2025,22400,CE,5,M,N,N,N,NA
NSE,D,52393,NA,OPTIDX,26000,NIFTY,NIFTY-Nov2025-22400-PE,NIFTY 25 NOV 22400 PUT,OP,NA,75,11/25/2025,22400,PE,5,M,N,N,N,NA
NSE,D,52396,NA,OPTIDX,26000,NIFTY,NIFTY-Nov2025-22450-CE,NIFTY 25 NOV 22450 CALL,OP,NA,75,11/25/2025,22450,CE,5,M,N,N,N,NA
NSE,D,52397,NA,OPTIDX,26000,NIFTY,NIFTY-Nov2025-22450-PE,NIFTY 25 NOV 22450 PUT,OP,NA,75,11/25/2025,22450,PE,5,M,N,N,N,NA
NSE,D,52400,NA,OPTIDX,26000,NIFTY,NIFTY-Nov2025-22500-CE,NIFTY 25 NOV 22500 CALL,OP,NA,75,11/25/2025,22500,CE,5,M,N,N,N,NA
NSE,D,52401,NA,OPTIDX,26000,NIFTY,NIFTY-Nov2025-22500-PE,NIFTY 25 NOV 22500 PUT,OP,NA,75,11/25/2025,22500,PE,5,M,N,N,N,NA
NSE,D,52402,NA,OPTIDX,26000,NIFTY,NIFTY-Nov2025-22550-CE,NIFTY 25 NOV 22550 CALL,OP,NA,75,11/25/2025,22550,CE,5,M,N,N,N,NA
NSE,D,52403,NA,OPTIDX,26000,NIFTY,NIFTY-Nov2025-22550-PE,NIFTY 25 NOV 22550 PUT,OP,NA,75,11/25/2025,22550,PE,5,M,N,N,N,NA
NSE,D,52408,NA,OPTIDX,26000,NIFTY,NIFTY-Nov2025-22600-CE,NIFTY 25 NOV 22600 CALL,OP,NA,75,11/25/2025,22600,CE,5,M,N,N,N,NA
NSE,D,52409,NA,OPTIDX,26000,NIFTY,NIFTY-Nov2025-22600-PE,NIFTY 25 NOV 22600 PUT,OP,NA,75,11/25/2025,22600,PE,5,M,N,N,N,NA
NSE,D,52416,NA,OPTIDX,26000,NIFTY,NIFTY-Nov2025-22650-CE,NIFTY 25 NOV 22650 CALL,OP,NA,75,11/25/2025,22650,CE,5,M,N,N,N,NA
NSE,D,52417,NA,OPTIDX,26000,NIFTY,NIFTY-Nov2025-22650-PE,NIFTY 25 NOV 22650 PUT,OP,NA,75,11/25/2025,22650,PE,5,M,N,N,N,NA
NSE,D,52435,NA,OPTIDX,26000,NIFTY,NIFTY-Nov2025-22700-CE,NIFTY 25 NOV 22700 CALL,OP,NA,75,11/25/2025,22700,CE,5,M,N,N,N,NA
NSE,D,52436,NA,OPTIDX,26000,NIFTY,NIFTY-Nov2025-22700-PE,NIFTY 25 NOV 22700 PUT,OP,NA,75,11/25/2025,22700,PE,5,M,N,N,N,NA
NSE,D,52437,NA,OPTIDX,26000,NIFTY,NIFTY-Nov2025-22750-CE,NIFTY 25 NOV 22750 CALL,OP,NA,75,11/25/2025,22750,CE,5,M,N,N,N,NA
NSE,D,52438,NA,OPTIDX,26000,NIFTY,NIFTY-Nov2025-22750-PE,NIFTY 25 NOV 22750 PUT,OP,NA,75,11/25/2025,22750,PE,5,M,N,N,N,NA
NSE,D,52447,NA,OPTIDX,26000,NIFTY,NIFTY-Nov2025-22800-CE,NIFTY 25 NOV 22800 CALL,OP,NA,75,11/25/2025,22800,CE,5,M,N,N,N,NA
NSE,D,52450,NA,OPTIDX,26000,NIFTY,NIFTY-Nov2025-22800-PE,NIFTY 25 NOV 22800 PUT,OP,NA,75,11/25/2025,22800,PE,5,M,N,N,N,NA
NSE,D,52451,NA,OPTIDX,26000,NIFTY,NIFTY-Nov2025-22850-CE,NIFTY 25 NOV 22850 CALL,OP,NA,75,11/25/2025,22850,CE,5,M,N,N,N,NA
NSE,D,52452,NA,OPTIDX,26000,NIFTY,NIFTY-Nov2025-22850-PE,NIFTY 25 NOV 22850 PUT,OP,NA,75,11/25/2025,22850,PE,5,M,N,N,N,NA
NSE,D,52467,NA,OPTIDX,26000,NIFTY,NIFTY-Nov2025-22900-CE,NIFTY 25 NOV 22900 CALL,OP,NA,75,11/25/2025,22900,CE,5,M,N,N,N,NA
NSE,D,52468,NA,OPTIDX,26000,NIFTY,NIFTY-Nov2025-22900-PE,NIFTY 25 NOV 22900 PUT,OP,NA,75,11/25/2025,22900,PE,5,M,N,N,N,NA
NSE,D,52469,NA,OPTIDX,26000,NIFTY,NIFTY-Nov2025-22950-CE,NIFTY 25 NOV 22950 CALL,OP,NA,75,11/25/2025,22950,CE,5,M,N,N,N,NA
NSE,D,52472,NA,OPTIDX,26000,NIFTY,NIFTY-Nov2025-22950-PE,NIFTY 25 NOV 22950 PUT,OP,NA,75,11/25/2025,22950,PE,5,M,N,N,N,NA
NSE,D,52473,NA,OPTIDX,26000,NIFTY,NIFTY-Nov2025-23000-CE,NIFTY 25 NOV 23000 CALL,OP,NA,75,11/25/2025,23000,CE,5,M,N,N,N,NA
NSE,D,52477,NA,OPTIDX,26000,NIFTY,NIFTY-Nov2025-23000-PE,NIFTY 25 NOV 23000 PUT,OP,NA,75,11/25/2025,23000,PE,5,M,N,N,N,NA
NSE,D,52478,NA,OPTIDX,26000,NIFTY,NIFTY-Nov2025-23050-CE,NIFTY 25 NOV 23050 CALL,OP,NA,75,11/25/2025,23050,CE,5,M,N,N,N,NA
NSE,D,52479,NA,OPTIDX,26000,NIFTY,NIFTY-Nov2025-23050-PE,NIFTY 25 NOV 23050 PUT,OP,NA,75,11/25/2025,23050,PE,5,M,N,N,N,NA
NSE,D,52480,NA,OPTIDX,26000,NIFTY,NIFTY-Nov2025-23100-CE,NIFTY 25 NOV 23100 CALL,OP,NA,75,11/25/2025,23100,CE,5,M,N,N,N,NA
NSE,D,52481,NA,OPTIDX,26000,NIFTY,NIFTY-Nov2025-23100-PE,NIFTY 25 NOV 23100 PUT,OP,NA,75,11/25/2025,23100,PE,5,M,N,N,N,NA
NSE,D,52528,NA,OPTIDX,26000,NIFTY,NIFTY-Nov2025-23150-CE,NIFTY 25 NOV 23150 CALL,OP,NA,75,11/25/2025,23150,CE,5,M,N,N,N,NA
NSE,D,52529,NA,OPTIDX,26000,NIFTY,NIFTY-Nov2025-23150-PE,NIFTY 25 NOV 23150 PUT,OP,NA,75,11/25/2025,23150,PE,5,M,N,N,N,NA
NSE,D,52530,NA,OPTIDX,26000,NIFTY,NIFTY-Nov2025-23200-CE,NIFTY 25 NOV 23200 CALL,OP,NA,75,11/25/2025,23200,CE,5,M,N,N,N,NA
NSE,D,52535,NA,OPTIDX,26000,NIFTY,NIFTY-Nov2025-23200-PE,NIFTY 25 NOV 23200 PUT,OP,NA,75,11/25/2025,23200,PE,5,M,N,N,N,NA
NSE,D,52536,NA,OPTIDX,26000,NIFTY,NIFTY-Nov2025-23250-CE,NIFTY 25 NOV 23250 CALL,OP,NA,75,11/25/2025,23250,CE,5,M,N,N,N,NA
NSE,D,52537,NA,OPTIDX,26000,NIFTY,NIFTY-Nov2025-23250-PE,NIFTY 25 NOV 23250 PUT,OP,NA,75,11/25/2025,23250,PE,5,M,N,N,N,NA
NSE,D,52540,NA,OPTIDX,26000,NIFTY,NIFTY-Nov2025-23300-CE,NIFTY 25 NOV 23300 CALL,OP,NA,75,11/25/2025,23300,CE,5,M,N,N,N,NA
NSE,D,52541,NA,OPTIDX,26000,NIFTY,NIFTY-Nov2025-23300-PE,NIFTY 25 NOV 23300 PUT,OP,NA,75,11/25/2025,23300,PE,5,M,N,N,N,NA
NSE,D,52546,NA,OPTIDX,26000,NIFTY,NIFTY-Nov2025-23350-CE,NIFTY 25 NOV 23350 CALL,OP,NA,75,11/25/2025,23350,CE,5,M,N,N,N,NA
NSE,D,52547,NA,OPTIDX,26000,NIFTY,NIFTY-Nov2025-23350-PE,NIFTY 25 NOV 23350 PUT,OP,NA,75,11/25/2025,23350,PE,5,M,N,N,N,NA
NSE,D,52550,NA,OPTIDX,26000,NIFTY,NIFTY-Nov2025-23400-CE,NIFTY 25 NOV 23400 CALL,OP,NA,75,11/25/2025,23400,CE,5,M,N,N,N,NA
NSE,D,52551,NA,OPTIDX,26000,NIFTY,NIFTY-Nov2025-23400-PE,NIFTY 25 NOV 23400 PUT,OP,NA,75,11/25/2025,23400,PE,5,M,N,N,N,NA
NSE,D,52564,NA,OPTIDX,26000,NIFTY,NIFTY-Nov2025-23450-CE,NIFTY 25 NOV 23450 CALL,OP,NA,75,11/25/2025,23450,CE,5,M,N,N,N,NA
NSE,D,52565,NA,OPTIDX,26000,NIFTY,NIFTY-Nov2025-23450-PE,NIFTY 25 NOV 23450 PUT,OP,NA,75,11/25/2025,23450,PE,5,M,N,N,N,NA
NSE,D,52582,NA,OPTIDX,26000,NIFTY,NIFTY-Nov2025-23500-CE,NIFTY 25 NOV 23500 CALL,OP,NA,75,11/25/2025,23500,CE,5,M,N,N,N,NA
NSE,D,52583,NA,OPTIDX,26000,NIFTY,NIFTY-Nov2025-23500-PE,NIFTY 25 NOV 23500 PUT,OP,NA,75,11/25/2025,23500,PE,5,M,N,N,N,NA
NSE,D,52602,NA,OPTIDX,26000,NIFTY,NIFTY-Nov2025-23550-CE,NIFTY 25 NOV 23550 CALL,OP,NA,75,11/25/2025,23550,CE,5,M,N,N,N,NA
NSE,D,52603,NA,OPTIDX,26000,NIFTY,NIFTY-Nov2025-23550-PE,NIFTY 25 NOV 23550 PUT,OP,NA,75,11/25/2025,23550,PE,5,M,N,N,N,NA
NSE,D,52608,NA,OPTIDX,26000,NIFTY,NIFTY-Nov2025-23600-CE,NIFTY 25 NOV 23600 CALL,OP,NA,75,11/25/2025,23600,CE,5,M,N,N,N,NA
NSE,D,52609,NA,OPTIDX,26000,NIFTY,NIFTY-Nov2025-23600-PE,NIFTY 25 NOV 23600 PUT,OP,NA,75,11/25/2025,23600,PE,5,M,N,N,N,NA
NSE,D,52610,NA,OPTIDX,26000,NIFTY,NIFTY-Nov2025-23650-CE,NIFTY 25 NOV 23650 CALL,OP,NA,75,11/25/2025,23650,CE,5,M,N,N,N,NA
NSE,D,52613,NA,OPTIDX,26000,NIFTY,NIFTY-Nov2025-23650-PE,NIFTY 25 NOV 23650 PUT,OP,NA,75,11/25/2025,23650,PE,5,M,N,N,N,NA
NSE,D,52616,NA,OPTIDX,26000,NIFTY,NIFTY-Nov2025-23700-CE,NIFTY 25 NOV 23700 CALL,OP,NA,75,11/25/2025,23700,CE,5,M,N,N,N,NA
NSE,D,52617,NA,OPTIDX,26000,NIFTY,NIFTY-Nov2025-23700-PE,NIFTY 25 NOV 23700 PUT,OP,NA,75,11/25/2025,23700,PE,5,M,N,N,N,NA
NSE,D,52618,NA,OPTIDX,26000,NIFTY,NIFTY-Nov2025-23750-CE,NIFTY 25 NOV 23750 CALL,OP,NA,75,11/25/2025,23750,CE,5,M,N,N,N,NA
NSE,D,52619,NA,OPTIDX,26000,NIFTY,NIFTY-Nov2025-23750-PE,NIFTY 25 NOV 23750 PUT,OP,NA,75,11/25/2025,23750,PE,5,M,N,N,N,NA
NSE,D,52626,NA,OPTIDX,26000,NIFTY,NIFTY-Nov2025-23800-CE,NIFTY 25 NOV 23800 CALL,OP,NA,75,11/25/2025,23800,CE,5,M,N,N,N,NA
NSE,D,52627,NA,OPTIDX,26000,NIFTY,NIFTY-Nov2025-23800-PE,NIFTY 25 NOV 23800 PUT,OP,NA,75,11/25/2025,23800,PE,5,M,N,N,N,NA
NSE,D,52628,NA,OPTIDX,26000,NIFTY,NIFTY-Nov2025-23850-CE,NIFTY 25 NOV 23850 CALL,OP,NA,75,11/25/2025,23850,CE,5,M,N,N,N,NA
NSE,D,52629,NA,OPTIDX,26000,NIFTY,NIFTY-Nov2025-23850-PE,NIFTY 25 NOV 23850 PUT,OP,NA,75,11/25/2025,23850,PE,5,M,N,N,N,NA
NSE,D,52630,NA,OPTIDX,26000,NIFTY,NIFTY-Nov2025-23900-CE,NIFTY 25 NOV 23900 CALL,OP,NA,75,11/25/2025,23900,CE,5,M,N,N,N,NA
NSE,D,52639,NA,OPTIDX,26000,NIFTY,NIFTY-Nov2025-23900-PE,NIFTY 25 NOV 23900 PUT,OP,NA,75,11/25/2025,23900,PE,5,M,N,N,N,NA
NSE,D,52645,NA,OPTIDX,26000,NIFTY,NIFTY-Nov2025-23950-CE,NIFTY 25 NOV 23950 CALL,OP,NA,75,11/25/2025,23950,CE,5,M,N,N,N,NA
NSE,D,52646,NA,OPTIDX,26000,NIFTY,NIFTY-Nov2025-23950-PE,NIFTY 25 NOV 23950 PUT,OP,NA,75,11/25/2025,23950,PE,5,M,N,N,N,NA
NSE,D,52650,NA,OPTIDX,26000,NIFTY,NIFTY-Nov2025-24000-CE,NIFTY 25 NOV 24000 CALL,OP,NA,75,11/25/2025,24000,CE,5,M,N,N,N,NA
NSE,D,52651,NA,OPTIDX,26000,NIFTY,NIFTY-Nov2025-24000-PE,NIFTY 25 NOV 24000 PUT,OP,NA,75,11/25/2025,24000,PE,5,M,N,N,N,NA
NSE,D,52656,NA,OPTIDX,26000,NIFTY,NIFTY-Nov2025-24050-CE,NIFTY 25 NOV 24050 CALL,OP,NA,75,11/25/2025,24050,CE,5,M,N,N,N,NA
NSE,D,52657,NA,OPTIDX,26000,NIFTY,NIFTY-Nov2025-24050-PE,NIFTY 25 NOV 24050 PUT,OP,NA,75,11/25/2025,24050,PE,5,M,N,N,N,NA
NSE,D,52664,NA,OPTIDX,26000,NIFTY,NIFTY-Nov2025-24100-CE,NIFTY 25 NOV 24100 CALL,OP,NA,75,11/25/2025,24100,CE,5,M,N,N,N,NA
NSE,D,52665,NA,OPTIDX,26000,NIFTY,NIFTY-Nov2025-24100-PE,NIFTY 25 NOV 24100 PUT,OP,NA,75,11/25/2025,24100,PE,5,M,N,N,N,NA
NSE,D,52666,NA,OPTIDX,26000,NIFTY,NIFTY-Nov2025-24150-CE,NIFTY 25 NOV 24150 CALL,OP,NA,75,11/25/2025,24150,CE,5,M,N,N,N,NA
NSE,D,52667,NA,OPTIDX,26000,NIFTY,NIFTY-Nov2025-24150-PE,NIFTY 25 NOV 24150 PUT,OP,NA,75,11/25/2025,24150,PE,5,M,N,N,N,NA
NSE,D,52680,NA,OPTIDX,26000,NIFTY,NIFTY-Nov2025-24200-CE,NIFTY 25 NOV 24200 CALL,OP,NA,75,11/25/2025,24200,CE,5,M,N,N,N,NA
NSE,D,52692,NA,OPTIDX,26000,NIFTY,NIFTY-Nov2025-24200-PE,NIFTY 25 NOV 24200 PUT,OP,NA,75,11/25/2025,24200,PE,5,M,N,N,N,NA
NSE,D,52693,NA,OPTIDX,26000,NIFTY,NIFTY-Nov2025-24250-CE,NIFTY 25 NOV 24250 CALL,OP,NA,75,11/25/2025,24250,CE,5,M,N,N,N,NA
NSE,D,52696,NA,OPTIDX,26000,NIFTY,NIFTY-Nov2025-24250-PE,NIFTY 25 NOV 24250 PUT,OP,NA,75,11/25/2025,24250,PE,5,M,N,N,N,NA
NSE,D,52697,NA,OPTIDX,26000,NIFTY,NIFTY-Nov2025-24300-CE,NIFTY 25 NOV 24300 CALL,OP,NA,75,11/25/2025,24300,CE,5,M,N,N,N,NA
NSE,D,52708,NA,OPTIDX,26000,NIFTY,NIFTY-Nov2025-24300-PE,NIFTY 25 NOV 24300 PUT,OP,NA,75,11/25/2025,24300,PE,5,M,N,N,N,NA
NSE,D,52709,NA,OPTIDX,26000,NIFTY,NIFTY-Nov2025-24350-CE,NIFTY 25 NOV 24350 CALL,OP,NA,75,11/25/2025,24350,CE,5,M,N,N,N,NA
NSE,D,52710,NA,OPTIDX,26000,NIFTY,NIFTY-Nov2025-24350-PE,NIFTY 25 NOV 24350 PUT,OP,NA,75,11/25/2025,24350,PE,5,M,N,N,N,NA
NSE,D,52711,NA,OPTIDX,26000,NIFTY,NIFTY-Nov2025-24400-CE,NIFTY 25 NOV 24400 CALL,OP,NA,75,11/25/2025,24400,CE,5,M,N,N,N,NA
NSE,D,52720,NA,OPTIDX,26000,NIFTY,NIFTY-Nov2025-24400-PE,NIFTY 25 NOV 24400 PUT,OP,NA,75,11/25/2025,24400,PE,5,M,N,N,N,NA
NSE,D,52721,NA,OPTIDX,26000,NIFTY,NIFTY-Nov2025-24450-CE,NIFTY 25 NOV 24450 CALL,OP,NA,75,11/25/2025,24450,CE,5,M,N,N,N,NA
NSE,D,52722,NA,OPTIDX,26000,NIFTY,NIFTY-Nov2025-24450-PE,NIFTY 25 NOV 24450 PUT,OP,NA,75,11/25/2025,24450,PE,5,M,N,N,N,NA
NSE,D,52725,NA,OPTIDX,26000,NIFTY,NIFTY-Nov2025-24500-CE,NIFTY 25 NOV 24500 CALL,OP,NA,75,11/25/2025,24500,CE,5,M,N,N,N,NA
NSE,D,52730,NA,OPTIDX,26000,NIFTY,NIFTY-Nov2025-24500-PE,NIFTY 25 NOV 24500 PUT,OP,NA,75,11/25/2025,24500,PE,5,M,N,N,N,NA
NSE,D,52731,NA,OPTIDX,26000,NIFTY,NIFTY-Nov2025-24550-CE,NIFTY 25 NOV 24550 CALL,OP,NA,75,11/25/2025,24550,CE,5,M,N,N,N,NA
NSE,D,52748,NA,OPTIDX,26000,NIFTY,NIFTY-Nov2025-24550-PE,NIFTY 25 NOV 24550 PUT,OP,NA,75,11/25/2025,24550,PE,5,M,N,N,N,NA
NSE,D,52749,NA,OPTIDX,26000,NIFTY,NIFTY-Nov2025-24600-CE,NIFTY 25 NOV 24600 CALL,OP,NA,75,11/25/2025,24600,CE,5,M,N,N,N,NA
NSE,D,52758,NA,OPTIDX,26000,NIFTY,NIFTY-Nov2025-24600-PE,NIFTY 25 NOV 24600 PUT,OP,NA,75,11/25/2025,24600,PE,5,M,N,N,N,NA
NSE,D,52759,NA,OPTIDX,26000,NIFTY,NIFTY-Nov2025-24650-CE,NIFTY 25 NOV 24650 CALL,OP,NA,75,11/25/2025,24650,CE,5,M,N,N,N,NA
NSE,D,52760,NA,OPTIDX,26000,NIFTY,NIFTY-Nov2025-24650-PE,NIFTY 25 NOV 24650 PUT,OP,NA,75,11/25/2025,24650,PE,5,M,N,N,N,NA
NSE,D,52761,NA,OPTIDX,26000,NIFTY,NIFTY-Nov2025-24700-CE,NIFTY 25 NOV 24700 CALL,OP,NA,75,11/25/2025,24700,CE,5,M,N,N,N,NA
NSE,D,52762,NA,OPTIDX,26000,NIFTY,NIFTY-Nov2025-24700-PE,NIFTY 25 NOV 24700 PUT,OP,NA,75,11/25/2025,24700,PE,5,M,N,N,N,NA
NSE,D,52763,NA,OPTIDX,26000,NIFTY,NIFTY-Nov2025-24750-CE,NIFTY 25 NOV 24750 CALL,OP,NA,75,11/25/2025,24750,CE,5,M,N,N,N,NA
NSE,D,52766,NA,OPTIDX,26000,NIFTY,NIFTY-Nov2025-24750-PE,NIFTY 25 NOV 24750 PUT,OP,NA,75,11/25/2025,24750,PE,5,M,N,N,N,NA
NSE,D,52767,NA,OPTIDX,26000,NIFTY,NIFTY-Nov2025-24800-CE,NIFTY 25 NOV 24800 CALL,OP,NA,75,11/25/2025,24800,CE,5,M,N,N,N,NA
NSE,D,52768,NA,OPTIDX,26000,NIFTY,NIFTY-Nov2025-24800-PE,NIFTY 25 NOV 24800 PUT,OP,NA,75,11/25/2025,24800,PE,5,M,N,N,N,NA
NSE,D,52769,NA,OPTIDX,26000,NIFTY,NIFTY-Nov2025-24850-CE,NIFTY 25 NOV 24850 CALL,OP,NA,75,11/25/2025,24850,CE,5,M,N,N,N,NA
NSE,D,52774,NA,OPTIDX,26000,NIFTY,NIFTY-Nov2025-24850-PE,NIFTY 25 NOV 24850 PUT,OP,NA,75,11/25/2025,24850,PE,5,M,N,N,N,NA
NSE,D,52775,NA,OPTIDX,26000,NIFTY,NIFTY-Nov2025-24900-CE,NIFTY 25 NOV 24900 CALL,OP,NA,75,11/25/2025,24900,CE,5,M,N,N,N,NA
NSE,D,52778,NA,OPTIDX,26000,NIFTY,NIFTY-Nov2025-24900-PE,NIFTY 25 NOV 24900 PUT,OP,NA,75,11/25/2025,24900,PE,5,M,N,N,N,NA
NSE,D,52779,NA,OPTIDX,26000,NIFTY,NIFTY-Nov2025-24950-CE,NIFTY 25 NOV 24950 CALL,OP,NA,75,11/25/2025,24950,CE,5,M,N,N,N,NA
NSE,D,52786,NA,OPTIDX,26000,NIFTY,NIFTY-Nov2025-24950-PE,NIFTY 25 NOV 24950 PUT,OP,NA,75,11/25/2025,24950,PE,5,M,N,N,N,NA
NSE,D,52787,NA,OPTIDX,26000,NIFTY,NIFTY-Nov2025-25000-CE,NIFTY 25 NOV 25000 CALL,OP,NA,75,11/25/2025,25000,CE,5,M,N,N,N,NA
NSE,D,52796,NA,OPTIDX,26000,NIFTY,NIFTY-Nov2025-25000-PE,NIFTY 25 NOV 25000 PUT,OP,NA,75,11/25/2025,25000,PE,5,M,N,N,N,NA
NSE,D,52797,NA,OPTIDX,26000,NIFTY,NIFTY-Nov2025-25050-CE,NIFTY 25 NOV 25050 CALL,OP,NA,75,11/25/2025,25050,CE,5,M,N,N,N,NA
NSE,D,52800,NA,OPTIDX,26000,NIFTY,NIFTY-Nov2025-25050-PE,NIFTY 25 NOV 25050 PUT,OP,NA,75,11/25/2025,25050,PE,5,M,N,N,N,NA
NSE,D,52801,NA,OPTIDX,26000,NIFTY,NIFTY-Nov2025-25100-CE,NIFTY 25 NOV 25100 CALL,OP,NA,75,11/25/2025,25100,CE,5,M,N,N,N,NA
NSE,D,52802,NA,OPTIDX,26000,NIFTY,NIFTY-Nov2025-25100-PE,NIFTY 25 NOV 25100 PUT,OP,NA,75,11/25/2025,25100,PE,5,M,N,N,N,NA
NSE,D,52803,NA,OPTIDX,26000,NIFTY,NIFTY-Nov2025-25150-CE,NIFTY 25 NOV 25150 CALL,OP,NA,75,11/25/2025,25150,CE,5,M,N,N,N,NA
NSE,D,52804,NA,OPTIDX,26000,NIFTY,NIFTY-Nov2025-25150-PE,NIFTY 25 NOV 25150 PUT,OP,NA,75,11/25/2025,25150,PE,5,M,N,N,N,NA
NSE,D,52805,NA,OPTIDX,26000,NIFTY,NIFTY-Nov2025-25200-CE,NIFTY 25 NOV 25200 CALL,OP,NA,75,11/25/2025,25200,CE,5,M,N,N,N,NA
NSE,D,52812,NA,OPTIDX,26000,NIFTY,NIFTY-Nov2025-25200-PE,NIFTY 25 NOV 25200 PUT,OP,NA,75,11/25/2025,25200,PE,5,M,N,N,N,NA
NSE,D,52813,NA,OPTIDX,26000,NIFTY,NIFTY-Nov2025-25250-CE,NIFTY 25 NOV 25250 CALL,OP,NA,75,11/25/2025,25250,CE,5,M,N,N,N,NA
NSE,D,52828,NA,OPTIDX,26000,NIFTY,NIFTY-Nov2025-25250-PE,NIFTY 25 NOV 25250 PUT,OP,NA,75,11/25/2025,25250,PE,5,M,N,N,N,NA
NSE,D,52829,NA,OPTIDX,26000,NIFTY,NIFTY-Nov2025-25300-CE,NIFTY 25 NOV 25300 CALL,OP,NA,75,11/25/2025,25300,CE,5,M,N,N,N,NA
NSE,D,52830,NA,OPTIDX,26000,NIFTY,NIFTY-Nov2025-25300-PE,NIFTY 25 NOV 25300 PUT,OP,NA,75,11/25/2025,25300,PE,5,M,N,N,N,NA
NSE,D,52831,NA,OPTIDX,26000,NIFTY,NIFTY-Nov2025-25350-CE,NIFTY 25 NOV 25350 CALL,OP,NA,75,11/25/2025,25350,CE,5,M,N,N,N,NA
NSE,D,52838,NA,OPTIDX,26000,NIFTY,NIFTY-Nov2025-25350-PE,NIFTY 25 NOV 25350 PUT,OP,NA,75,11/25/2025,25350,PE,5,M,N,N,N,NA
NSE,D,52839,NA,OPTIDX,26000,NIFTY,NIFTY-Nov2025-25400-CE,NIFTY 25 NOV 25400 CALL,OP,NA,75,11/25/2025,25400,CE,5,M,N,N,N,NA
NSE,D,52848,NA,OPTIDX,26000,NIFTY,NIFTY-Nov2025-25400-PE,NIFTY 25 NOV 25400 PUT,OP,NA,75,11/25/2025,25400,PE,5,M,N,N,N,NA
NSE,D,52849,NA,OPTIDX,26000,NIFTY,NIFTY-Nov2025-25450-CE,NIFTY 25 NOV 25450 CALL,OP,NA,75,11/25/2025,25450,CE,5,M,N,N,N,NA
NSE,D,52850,NA,OPTIDX,26000,NIFTY,NIFTY-Nov2025-25450-PE,NIFTY 25 NOV 25450 PUT,OP,NA,75,11/25/2025,25450,PE,5,M,N,N,N,NA
NSE,D,52851,NA,OPTIDX,26000,NIFTY,NIFTY-Nov2025-25500-CE,NIFTY 25 NOV 25500 CALL,OP,NA,75,11/25/2025,25500,CE,5,M,N,N,N,NA
NSE,D,52854,NA,OPTIDX,26000,NIFTY,NIFTY-Nov2025-25500-PE,NIFTY 25 NOV 25500 PUT,OP,NA,75,11/25/2025,25500,PE,5,M,N,N,N,NA
NSE,D,52855,NA,OPTIDX,26000,NIFTY,NIFTY-Nov2025-25550-CE,NIFTY 25 NOV 25550 CALL,OP,NA,75,11/25/2025,25550,CE,5,M,N,N,N,NA
NSE,D,52856,NA,OPTIDX,26000,NIFTY,NIFTY-Nov2025-25550-PE,NIFTY 25 NOV 25550 PUT,OP,NA,75,11/25/2025,25550,PE,5,M,N,N,N,NA
NSE,D,52857,NA,OPTIDX,26000,NIFTY,NIFTY-Nov2025-25600-CE,NIFTY 25 NOV 25600 CALL,OP,NA,75,11/25/2025,25600,CE,5,M,N,N,N,NA
NSE,D,52858,NA,OPTIDX,26000,NIFTY,NIFTY-Nov2025-25600-PE,NIFTY 25 NOV 25600 PUT,OP,NA,75,11/25/2025,25600,PE,5,M,N,N,N,NA
NSE,D,52859,NA,OPTIDX,26000,NIFTY,NIFTY-Nov2025-25650-CE,NIFTY 25 NOV 25650 CALL,OP,NA,75,11/25/2025,25650,CE,5,M,N,N,N,NA
NSE,D,52860,NA,OPTIDX,26000,NIFTY,NIFTY-Nov2025-25650-PE,NIFTY 25 NOV 25650 PUT,OP,NA,75,11/25/2025,25650,PE,5,M,N,N,N,NA
NSE,D,52861,NA,OPTIDX,26000,NIFTY,NIFTY-Nov2025-25700-CE,NIFTY 25 NOV 25700 CALL,OP,NA,75,11/25/2025,25700,CE,5,M,N,N,N,NA
NSE,D,52876,NA,OPTIDX,26000,NIFTY,NIFTY-Nov2025-25700-PE,NIFTY 25 NOV 25700 PUT,OP,NA,75,11/25/2025,25700,PE,5,M,N,N,N,NA
NSE,D,52877,NA,OPTIDX,26000,NIFTY,NIFTY-Nov2025-25750-CE,NIFTY 25 NOV 25750 CALL,OP,NA,75,11/25/2025,25750,CE,5,M,N,N,N,NA
NSE,D,52880,NA,OPTIDX,26000,NIFTY,NIFTY-Nov2025-25750-PE,NIFTY 25 NOV 25750 PUT,OP,NA,75,11/25/2025,25750,PE,5,M,N,N,N,NA
NSE,D,52881,NA,OPTIDX,26000,NIFTY,NIFTY-Nov2025-25800-CE,NIFTY 25 NOV 25800 CALL,OP,NA,75,11/25/2025,25800,CE,5,M,N,N,N,NA
NSE,D,52888,NA,OPTIDX,26000,NIFTY,NIFTY-Nov2025-25800-PE,NIFTY 25 NOV 25800 PUT,OP,NA,75,11/25/2025,25800,PE,5,M,N,N,N,NA
NSE,D,52889,NA,OPTIDX,26000,NIFTY,NIFTY-Nov2025-25850-CE,NIFTY 25 NOV 25850 CALL,OP,NA,75,11/25/2025,25850,CE,5,M,N,N,N,NA
NSE,D,52896,NA,OPTIDX,26000,NIFTY,NIFTY-Nov2025-25850-PE,NIFTY 25 NOV 25850 PUT,OP,NA,75,11/25/2025,25850,PE,5,M,N,N,N,NA
NSE,D,52897,NA,OPTIDX,26000,NIFTY,NIFTY-Nov2025-25900-CE,NIFTY 25 NOV 25900 CALL,OP,NA,75,11/25/2025,25900,CE,5,M,N,N,N,NA
NSE,D,52898,NA,OPTIDX,26000,NIFTY,NIFTY-Nov2025-25900-PE,NIFTY 25 NOV 25900 PUT,OP,NA,75,11/25/2025,25900,PE,5,M,N,N,N,NA
NSE,D,52899,NA,OPTIDX,26000,NIFTY,NIFTY-Nov2025-25950-CE,NIFTY 25 NOV 25950 CALL,OP,NA,75,11/25/2025,25950,CE,5,M,N,N,N,NA
NSE,D,52910,NA,OPTIDX,26000,NIFTY,NIFTY-Nov2025-25950-PE,NIFTY 25 NOV 25950 PUT,OP,NA,75,11/25/2025,25950,PE,5,M,N,N,N,NA
NSE,D,52911,NA,OPTIDX,26000,NIFTY,NIFTY-Nov2025-26000-CE,NIFTY 25 NOV 26000 CALL,OP,NA,75,11/25/2025,26000,CE,5,M,N,N,N,NA
NSE,D,52931,NA,OPTIDX,26000,NIFTY,NIFTY-Nov2025-26000-PE,NIFTY 25 NOV 26000 PUT,OP,NA,75,11/25/2025,26000,PE,5,M,N,N,N,NA
NSE,D,52932,NA,OPTIDX,26000,NIFTY,NIFTY-Nov2025-26050-CE,NIFTY 25 NOV 26050 CALL,OP,NA,75,11/25/2025,26050,CE,5,M,N,N,N,NA
NSE,D,52951,NA,OPTIDX,26000,NIFTY,NIFTY-Nov2025-26050-PE,NIFTY 25 NOV 26050 PUT,OP,NA,75,11/25/2025,26050,PE,5,M,N,N,N,NA
NSE,D,52952,NA,OPTIDX,26000,NIFTY,NIFTY-Nov2025-26100-CE,NIFTY 25 NOV 26100 CALL,OP,NA,75,11/25/2025,26100,CE,5,M,N,N,N,NA
NSE,D,52978,NA,OPTIDX,26000,NIFTY,NIFTY-Nov2025-26100-PE,NIFTY 25 NOV 26100 PUT,OP,NA,75,11/25/2025,26100,PE,5,M,N,N,N,NA
NSE,D,52979,NA,OPTIDX,26000,NIFTY,NIFTY-Nov2025-26150-CE,NIFTY 25 NOV 26150 CALL,OP,NA,75,11/25/2025,26150,CE,5,M,N,N,N,NA
NSE,D,53003,NA,OPTIDX,26000,NIFTY,NIFTY-Nov2025-26150-PE,NIFTY 25 NOV 26150 PUT,OP,NA,75,11/25/2025,26150,PE,5,M,N,N,N,NA
NSE,D,53023,NA,OPTIDX,26000,NIFTY,NIFTY-Nov2025-26200-CE,NIFTY 25 NOV 26200 CALL,OP,NA,75,11/25/2025,26200,CE,5,M,N,N,N,NA
NSE,D,53024,NA,OPTIDX,26000,NIFTY,NIFTY-Nov2025-26200-PE,NIFTY 25 NOV 26200 PUT,OP,NA,75,11/25/2025,26200,PE,5,M,N,N,N,NA
NSE,D,53025,NA,OPTIDX,26000,NIFTY,NIFTY-Nov2025-26250-CE,NIFTY 25 NOV 26250 CALL,OP,NA,75,11/25/2025,26250,CE,5,M,N,N,N,NA
NSE,D,53026,NA,OPTIDX,26000,NIFTY,NIFTY-Nov2025-26250-PE,NIFTY 25 NOV 26250 PUT,OP,NA,75,11/25/2025,26250,PE,5,M,N,N,N,NA
NSE,D,53027,NA,OPTIDX,26000,NIFTY,NIFTY-Nov2025-26300-CE,NIFTY 25 NOV 26300 CALL,OP,NA,75,11/25/2025,26300,CE,5,M,N,N,N,NA
NSE,D,53053,NA,OPTIDX,26000,NIFTY,NIFTY-Nov2025-26300-PE,NIFTY 25 NOV 26300 PUT,OP,NA,75,11/25/2025,26300,PE,5,M,N,N,N,NA
NSE,D,53054,NA,OPTIDX,26000,NIFTY,NIFTY-Nov2025-26350-CE,NIFTY 25 NOV 26350 CALL,OP,NA,75,11/25/2025,26350,CE,5,M,N,N,N,NA
NSE,D,53183,NA,OPTIDX,26000,NIFTY,NIFTY-Nov2025-26350-PE,NIFTY 25 NOV 26350 PUT,OP,NA,75,11/25/2025,26350,PE,5,M,N,N,N,NA
NSE,D,53184,NA,OPTIDX,26000,NIFTY,NIFTY-Nov2025-26400-CE,NIFTY 25 NOV 26400 CALL,OP,NA,75,11/25/2025,26400,CE,5,M,N,N,N,NA
NSE,D,53197,NA,OPTIDX,26000,NIFTY,NIFTY-Nov2025-26400-PE,NIFTY 25 NOV 26400 PUT,OP,NA,75,11/25/2025,26400,PE,5,M,N,N,N,NA
NSE,D,53198,NA,OPTIDX,26000,NIFTY,NIFTY-Nov2025-26450-CE,NIFTY 25 NOV 26450 CALL,OP,NA,75,11/25/2025,26450,CE,5,M,N,N,N,NA
NSE,D,53213,NA,OPTIDX,26000,NIFTY,NIFTY-Nov2025-26450-PE,NIFTY 25 NOV 26450 PUT,OP,NA,75,11/25/2025,26450,PE,5,M,N,N,N,NA
NSE,D,53214,NA,OPTIDX,26000,NIFTY,NIFTY-Nov2025-26500-CE,NIFTY 25 NOV 26500 CALL,OP,NA,75,11/25/2025,26500,CE,5,M,N,N,N,NA
NSE,D,53215,NA,OPTIDX,26000,NIFTY,NIFTY-Nov2025-26500-PE,NIFTY 25 NOV 26500 PUT,OP,NA,75,11/25/2025,26500,PE,5,M,N,N,N,NA
NSE,D,53216,NA,OPTIDX,26000,NIFTY,NIFTY-Nov2025-26550-CE,NIFTY 25 NOV 26550 CALL,OP,NA,75,11/25/2025,26550,CE,5,M,N,N,N,NA
NSE,D,53217,NA,OPTIDX,26000,NIFTY,NIFTY-Nov2025-26550-PE,NIFTY 25 NOV 26550 PUT,OP,NA,75,11/25/2025,26550,PE,5,M,N,N,N,NA
NSE,D,53218,NA,OPTIDX,26000,NIFTY,NIFTY-Nov2025-26600-CE,NIFTY 25 NOV 26600 CALL,OP,NA,75,11/25/2025,26600,CE,5,M,N,N,N,NA
NSE,D,53219,NA,OPTIDX,26000,NIFTY,NIFTY-Nov2025-26600-PE,NIFTY 25 NOV 26600 PUT,OP,NA,75,11/25/2025,26600,PE,5,M,N,N,N,NA
NSE,D,53220,NA,OPTIDX,26000,NIFTY,NIFTY-Nov2025-26650-CE,NIFTY 25 NOV 26650 CALL,OP,NA,75,11/25/2025,26650,CE,5,M,N,N,N,NA
NSE,D,53221,NA,OPTIDX,26000,NIFTY,NIFTY-Nov2025-26650-PE,NIFTY 25 NOV 26650 PUT,OP,NA,75,11/25/2025,26650,PE,5,M,N,N,N,NA
NSE,D,53222,NA,OPTIDX,26000,NIFTY,NIFTY-Nov2025-26700-CE,NIFTY 25 NOV 26700 CALL,OP,NA,75,11/25/2025,26700,CE,5,M,N,N,N,NA
NSE,D,53223,NA,OPTIDX,26000,NIFTY,NIFTY-Nov2025-26700-PE,NIFTY 25 NOV 26700 PUT,OP,NA,75,11/25/2025,26700,PE,5,M,N,N,N,NA
NSE,D,53224,NA,OPTIDX,26000,NIFTY,NIFTY-Nov2025-26750-CE,NIFTY 25 NOV 26750 CALL,OP,NA,75,11/25/2025,26750,CE,5,M,N,N,N,NA
NSE,D,53225,NA,OPTIDX,26000,NIFTY,NIFTY-Nov2025-26750-PE,NIFTY 25 NOV 26750 PUT,OP,NA,75,11/25/2025,26750,PE,5,M,N,N,N,NA
NSE,D,53226,NA,OPTIDX,26000,NIFTY,NIFTY-Nov2025-26800-CE,NIFTY 25 NOV 26800 CALL,OP,NA,75,11/25/2025,26800,CE,5,M,N,N,N,NA
NSE,D,53227,NA,OPTIDX,26000,NIFTY,NIFTY-Nov2025-26800-PE,NIFTY 25 NOV 26800 PUT,OP,NA,75,11/25/2025,26800,PE,5,M,N,N,N,NA
NSE,D,53228,NA,OPTIDX,26000,NIFTY,NIFTY-Nov2025-26850-CE,NIFTY 25 NOV 26850 CALL,OP,NA,75,11/25/2025,26850,CE,5,M,N,N,N,NA
NSE,D,53229,NA,OPTIDX,26000,NIFTY,NIFTY-Nov2025-26850-PE,NIFTY 25 NOV 26850 PUT,OP,NA,75,11/25/2025,26850,PE,5,M,N,N,N,NA
NSE,D,53235,NA,OPTIDX,26000,NIFTY,NIFTY-Nov2025-26900-CE,NIFTY 25 NOV 26900 CALL,OP,NA,75,11/25/2025,26900,CE,5,M,N,N,N,NA
NSE,D,53236,NA,OPTIDX,26000,NIFTY,NIFTY-Nov2025-26900-PE,NIFTY 25 NOV 26900 PUT,OP,NA,75,11/25/2025,26900,PE,5,M,N,N,N,NA
NSE,D,53240,NA,OPTIDX,26000,NIFTY,NIFTY-Nov2025-26950-CE,NIFTY 25 NOV 26950 CALL,OP,NA,75,11/25/2025,26950,CE,5,M,N,N,N,NA
NSE,D,53241,NA,OPTIDX,26000,NIFTY,NIFTY-Nov2025-26950-PE,NIFTY 25 NOV 26950 PUT,OP,NA,75,11/25/2025,26950,PE,5,M,N,N,N,NA
NSE,D,53244,NA,OPTIDX,26000,NIFTY,NIFTY-Nov2025-27000-CE,NIFTY 25 NOV 27000 CALL,OP,NA,75,11/25/2025,27000,CE,5,M,N,N,N,NA
NSE,D,53245,NA,OPTIDX,26000,NIFTY,NIFTY-Nov2025-27000-PE,NIFTY 25 NOV 27000 PUT,OP,NA,75,11/25/2025,27000,PE,5,M,N,N,N,NA
NSE,D,53246,NA,OPTIDX,26000,NIFTY,NIFTY-Nov2025-27050-CE,NIFTY 25 NOV 27050 CALL,OP,NA,75,11/25/2025,27050,CE,5,M,N,N,N,NA
NSE,D,53247,NA,OPTIDX,26000,NIFTY,NIFTY-Nov2025-27050-PE,NIFTY 25 NOV 27050 PUT,OP,NA,75,11/25/2025,27050,PE,5,M,N,N,N,NA
NSE,D,53248,NA,OPTIDX,26000,NIFTY,NIFTY-Nov2025-27100-CE,NIFTY 25 NOV 27100 CALL,OP,NA,75,11/25/2025,27100,CE,5,M,N,N,N,NA
NSE,D,53249,NA,OPTIDX,26000,NIFTY,NIFTY-Nov2025-27100-PE,NIFTY 25 NOV 27100 PUT,OP,NA,75,11/25/2025,27100,PE,5,M,N,N,N,NA
NSE,D,53250,NA,OPTIDX,26000,NIFTY,NIFTY-Nov2025-27150-CE,NIFTY 25 NOV 27150 CALL,OP,NA,75,11/25/2025,27150,CE,5,M,N,N,N,NA
NSE,D,53251,NA,OPTIDX,26000,NIFTY,NIFTY-Nov2025-27150-PE,NIFTY 25 NOV 27150 PUT,OP,NA,75,11/25/2025,27150,PE,5,M,N,N,N,NA
NSE,D,53252,NA,OPTIDX,26000,NIFTY,NIFTY-Nov2025-27200-CE,NIFTY 25 NOV 27200 CALL,OP,NA,75,11/25/2025,27200,CE,5,M,N,N,N,NA
NSE,D,53253,NA,OPTIDX,26000,NIFTY,NIFTY-Nov2025-27200-PE,NIFTY 25 NOV 27200 PUT,OP,NA,75,11/25/2025,27200,PE,5,M,N,N,N,NA
NSE,D,53254,NA,OPTIDX,26000,NIFTY,NIFTY-Nov2025-27250-CE,NIFTY 25 NOV 27250 CALL,OP,NA,75,11/25/2025,27250,CE,5,M,N,N,N,NA
NSE,D,53255,NA,OPTIDX,26000,NIFTY,NIFTY-Nov2025-27250-PE,NIFTY 25 NOV 27250 PUT,OP,NA,75,11/25/2025,27250,PE,5,M,N,N,N,NA
NSE,D,53256,NA,OPTIDX,26000,NIFTY,NIFTY-Nov2025-27300-CE,NIFTY 25 NOV 27300 CALL,OP,NA,75,11/25/2025,27300,CE,5,M,N,N,N,NA
NSE,D,53257,NA,OPTIDX,26000,NIFTY,NIFTY-Nov2025-27300-PE,NIFTY 25 NOV 27300 PUT,OP,NA,75,11/25/2025,27300,PE,5,M,N,N,N,NA
NSE,D,53258,NA,OPTIDX,26000,NIFTY,NIFTY-Nov2025-27350-CE,NIFTY 25 NOV 27350 CALL,OP,NA,75,11/25/2025,27350,CE,5,M,N,N,N,NA
NSE,D,53259,NA,OPTIDX,26000,NIFTY,NIFTY-Nov2025-27350-PE,NIFTY 25 NOV 27350 PUT,OP,NA,75,11/25/2025,27350,PE,5,M,N,N,N,NA
NSE,D,53260,NA,OPTIDX,26000,NIFTY,NIFTY-Nov2025-27400-CE,NIFTY 25 NOV 27400 CALL,OP,NA,75,11/25/2025,27400,CE,5,M,N,N,N,NA
NSE,D,53261,NA,OPTIDX,26000,NIFTY,NIFTY-Nov2025-27400-PE,NIFTY 25 NOV 27400 PUT,OP,NA,75,11/25/2025,27400,PE,5,M,N,N,N,NA
NSE,D,53262,NA,OPTIDX,26000,NIFTY,NIFTY-Nov2025-27450-CE,NIFTY 25 NOV 27450 CALL,OP,NA,75,11/25/2025,27450,CE,5,M,N,N,N,NA
NSE,D,53263,NA,OPTIDX,26000,NIFTY,NIFTY-Nov2025-27450-PE,NIFTY 25 NOV 27450 PUT,OP,NA,75,11/25/2025,27450,PE,5,M,N,N,N,NA
NSE,D,53264,NA,OPTIDX,26000,NIFTY,NIFTY-Nov2025-27500-CE,NIFTY 25 NOV 27500 CALL,OP,NA,75,11/25/2025,27500,CE,5,M,N,N,N,NA
NSE,D,53265,NA,OPTIDX,26000,NIFTY,NIFTY-Nov2025-27500-PE,NIFTY 25 NOV 27500 PUT,OP,NA,75,11/25/2025,27500,PE,5,M,N,N,N,NA
NSE,D,53268,NA,OPTIDX,26000,NIFTY,NIFTY-Nov2025-27550-CE,NIFTY 25 NOV 27550 CALL,OP,NA,75,11/25/2025,27550,CE,5,M,N,N,N,NA
NSE,D,53269,NA,OPTIDX,26000,NIFTY,NIFTY-Nov2025-27550-PE,NIFTY 25 NOV 27550 PUT,OP,NA,75,11/25/2025,27550,PE,5,M,N,N,N,NA
NSE,D,53270,NA,OPTIDX,26000,NIFTY,NIFTY-Nov2025-27600-CE,NIFTY 25 NOV 27600 CALL,OP,NA,75,11/25/2025,27600,CE,5,M,N,N,N,NA
NSE,D,53273,NA,OPTIDX,26000,NIFTY,NIFTY-Nov2025-27600-PE,NIFTY 25 NOV 27600 PUT,OP,NA,75,11/25/2025,27600,PE,5,M,N,N,N,NA
NSE,D,53274,NA,OPTIDX,26000,NIFTY,NIFTY-Nov2025-27650-CE,NIFTY 25 NOV 27650 CALL,OP,NA,75,11/25/2025,27650,CE,5,M,N,N,N,NA
NSE,D,53275,NA,OPTIDX,26000,NIFTY,NIFTY-Nov2025-27650-PE,NIFTY 25 NOV 27650 PUT,OP,NA,75,11/25/2025,27650,PE,5,M,N,N,N,NA
NSE,D,53276,NA,OPTIDX,26000,NIFTY,NIFTY-Nov2025-27700-CE,NIFTY 25 NOV 27700 CALL,OP,NA,75,11/25/2025,27700,CE,5,M,N,N,N,NA
NSE,D,53277,NA,OPTIDX,26000,NIFTY,NIFTY-Nov2025-27700-PE,NIFTY 25 NOV 27700 PUT,OP,NA,75,11/25/2025,27700,PE,5,M,N,N,N,NA
NSE,D,53278,NA,OPTIDX,26000,NIFTY,NIFTY-Nov2025-27750-CE,NIFTY 25 NOV 27750 CALL,OP,NA,75,11/25/2025,27750,CE,5,M,N,N,N,NA
NSE,D,53279,NA,OPTIDX,26000,NIFTY,NIFTY-Nov2025-27750-PE,NIFTY 25 NOV 27750 PUT,OP,NA,75,11/25/2025,27750,PE,5,M,N,N,N,NA
NSE,D,53280,NA,OPTIDX,26000,NIFTY,NIFTY-Nov2025-27800-CE,NIFTY 25 NOV 27800 CALL,OP,NA,75,11/25/2025,27800,CE,5,M,N,N,N,NA
NSE,D,53281,NA,OPTIDX,26000,NIFTY,NIFTY-Nov2025-27800-PE,NIFTY 25 NOV 27800 PUT,OP,NA,75,11/25/2025,27800,PE,5,M,N,N,N,NA
NSE,D,53284,NA,OPTIDX,26000,NIFTY,NIFTY-Nov2025-27850-CE,NIFTY 25 NOV 27850 CALL,OP,NA,75,11/25/2025,27850,CE,5,M,N,N,N,NA
NSE,D,53286,NA,OPTIDX,26000,NIFTY,NIFTY-Nov2025-27850-PE,NIFTY 25 NOV 27850 PUT,OP,NA,75,11/25/2025,27850,PE,5,M,N,N,N,NA
NSE,D,53289,NA,OPTIDX,26000,NIFTY,NIFTY-Nov2025-27900-CE,NIFTY 25 NOV 27900 CALL,OP,NA,75,11/25/2025,27900,CE,5,M,N,N,N,NA
NSE,D,53290,NA,OPTIDX,26000,NIFTY,NIFTY-Nov2025-27900-PE,NIFTY 25 NOV 27900 PUT,OP,NA,75,11/25/2025,27900,PE,5,M,N,N,N,NA
NSE,D,53291,NA,OPTIDX,26000,NIFTY,NIFTY-Nov2025-27950-CE,NIFTY 25 NOV 27950 CALL,OP,NA,75,11/25/2025,27950,CE,5,M,N,N,N,NA
NSE,D,53292,NA,OPTIDX,26000,NIFTY,NIFTY-Nov2025-27950-PE,NIFTY 25 NOV 27950 PUT,OP,NA,75,11/25/2025,27950,PE,5,M,N,N,N,NA
NSE,D,53293,NA,OPTIDX,26000,NIFTY,NIFTY-Nov2025-28000-CE,NIFTY 25 NOV 28000 CALL,OP,NA,75,11/25/2025,28000,CE,5,M,N,N,N,NA
NSE,D,53294,NA,OPTIDX,26000,NIFTY,NIFTY-Nov2025-28000-PE,NIFTY 25 NOV 28000 PUT,OP,NA,75,11/25/2025,28000,PE,5,M,N,N,N,NA
NSE,D,53295,NA,OPTIDX,26000,NIFTY,NIFTY-Nov2025-28050-CE,NIFTY 25 NOV 28050 CALL,OP,NA,75,11/25/2025,28050,CE,5,M,N,N,N,NA
NSE,D,53296,NA,OPTIDX,26000,NIFTY,NIFTY-Nov2025-28050-PE,NIFTY 25 NOV 28050 PUT,OP,NA,75,11/25/2025,28050,PE,5,M,N,N,N,NA
NSE,D,53297,NA,OPTIDX,26000,NIFTY,NIFTY-Nov2025-28100-CE,NIFTY 25 NOV 28100 CALL,OP,NA,75,11/25/2025,28100,CE,5,M,N,N,N,NA
NSE,D,53298,NA,OPTIDX,26000,NIFTY,NIFTY-Nov2025-28100-PE,NIFTY 25 NOV 28100 PUT,OP,NA,75,11/25/2025,28100,PE,5,M,N,N,N,NA
NSE,D,53299,NA,OPTIDX,26000,NIFTY,NIFTY-Nov2025-28150-CE,NIFTY 25 NOV 28150 CALL,OP,NA,75,11/25/2025,28150,CE,5,M,N,N,N,NA
NSE,D,53300,NA,OPTIDX,26000,NIFTY,NIFTY-Nov2025-28150-PE,NIFTY 25 NOV 28150 PUT,OP,NA,75,11/25/2025,28150,PE,5,M,N,N,N,NA
NSE,D,53301,NA,OPTIDX,26000,NIFTY,NIFTY-Nov2025-28200-CE,NIFTY 25 NOV 28200 CALL,OP,NA,75,11/25/2025,28200,CE,5,M,N,N,N,NA
NSE,D,53302,NA,OPTIDX,26000,NIFTY,NIFTY-Nov2025-28200-PE,NIFTY 25 NOV 28200 PUT,OP,NA,75,11/25/2025,28200,PE,5,M,N,N,N,NA
NSE,D,53303,NA,OPTIDX,26000,NIFTY,NIFTY-Nov2025-28250-CE,NIFTY 25 NOV 28250 CALL,OP,NA,75,11/25/2025,28250,CE,5,M,N,N,N,NA
NSE,D,53304,NA,OPTIDX,26000,NIFTY,NIFTY-Nov2025-28250-PE,NIFTY 25 NOV 28250 PUT,OP,NA,75,11/25/2025,28250,PE,5,M,N,N,N,NA
NSE,D,53305,NA,OPTIDX,26000,NIFTY,NIFTY-Nov2025-28300-CE,NIFTY 25 NOV 28300 CALL,OP,NA,75,11/25/2025,28300,CE,5,M,N,N,N,NA
NSE,D,53306,NA,OPTIDX,26000,NIFTY,NIFTY-Nov2025-28300-PE,NIFTY 25 NOV 28300 PUT,OP,NA,75,11/25/2025,28300,PE,5,M,N,N,N,NA
NSE,D,53307,NA,OPTIDX,26000,NIFTY,NIFTY-Nov2025-28350-CE,NIFTY 25 NOV 28350 CALL,OP,NA,75,11/25/2025,28350,CE,5,M,N,N,N,NA
NSE,D,53308,NA,OPTIDX,26000,NIFTY,NIFTY-Nov2025-28350-PE,NIFTY 25 NOV 28350 PUT,OP,NA,75,11/25/2025,28350,PE,5,M,N,N,N,NA
NSE,D,53309,NA,OPTIDX,26000,NIFTY,NIFTY-Nov2025-28400-CE,NIFTY 25 NOV 28400 CALL,OP,NA,75,11/25/2025,28400,CE,5,M,N,N,N,NA
NSE,D,53310,NA,OPTIDX,26000,NIFTY,NIFTY-Nov2025-28400-PE,NIFTY 25 NOV 28400 PUT,OP,NA,75,11/25/2025,28400,PE,5,M,N,N,N,NA
NSE,D,53311,NA,OPTIDX,26000,NIFTY,NIFTY-Nov2025-28450-CE,NIFTY 25 NOV 28450 CALL,OP,NA,75,11/25/2025,28450,CE,5,M,N,N,N,NA
NSE,D,53312,NA,OPTIDX,26000,NIFTY,NIFTY-Nov2025-28450-PE,NIFTY 25 NOV 28450 PUT,OP,NA,75,11/25/2025,28450,PE,5,M,N,N,N,NA
NSE,D,53313,NA,OPTIDX,26000,NIFTY,NIFTY-Nov2025-28500-CE,NIFTY 25 NOV 28500 CALL,OP,NA,75,11/25/2025,28500,CE,5,M,N,N,N,NA
NSE,D,53314,NA,OPTIDX,26000,NIFTY,NIFTY-Nov2025-28500-PE,NIFTY 25 NOV 28500 PUT,OP,NA,75,11/25/2025,28500,PE,5,M,N,N,N,NA
NSE,D,53315,NA,OPTIDX,26000,NIFTY,NIFTY-Nov2025-28550-CE,NIFTY 25 NOV 28550 CALL,OP,NA,75,11/25/2025,28550,CE,5,M,N,N,N,NA
NSE,D,53316,NA,OPTIDX,26000,NIFTY,NIFTY-Nov2025-28550-PE,NIFTY 25 NOV 28550 PUT,OP,NA,75,11/25/2025,28550,PE,5,M,N,N,N,NA
NSE,D,53317,NA,OPTIDX,26000,NIFTY,NIFTY-Nov2025-28600-CE,NIFTY 25 NOV 28600 CALL,OP,NA,75,11/25/2025,28600,CE,5,M,N,N,N,NA
NSE,D,53318,NA,OPTIDX,26000,NIFTY,NIFTY-Nov2025-28600-PE,NIFTY 25 NOV 28600 PUT,OP,NA,75,11/25/2025,28600,PE,5,M,N,N,N,NA
NSE,D,53319,NA,OPTIDX,26000,NIFTY,NIFTY-Nov2025-28650-CE,NIFTY 25 NOV 28650 CALL,OP,NA,75,11/25/2025,28650,CE,5,M,N,N,N,NA
NSE,D,53321,NA,OPTIDX,26000,NIFTY,NIFTY-Nov2025-28650-PE,NIFTY 25 NOV 28650 PUT,OP,NA,75,11/25/2025,28650,PE,5,M,N,N,N,NA
NSE,D,53322,NA,OPTIDX,26000,NIFTY,NIFTY-Nov2025-28700-CE,NIFTY 25 NOV 28700 CALL,OP,NA,75,11/25/2025,28700,CE,5,M,N,N,N,NA
NSE,D,53323,NA,OPTIDX,26000,NIFTY,NIFTY-Nov2025-28700-PE,NIFTY 25 NOV 28700 PUT,OP,NA,75,11/25/2025,28700,PE,5,M,N,N,N,NA
NSE,D,53324,NA,OPTIDX,26000,NIFTY,NIFTY-Nov2025-28750-CE,NIFTY 25 NOV 28750 CALL,OP,NA,75,11/25/2025,28750,CE,5,M,N,N,N,NA
NSE,D,53325,NA,OPTIDX,26000,NIFTY,NIFTY-Nov2025-28750-PE,NIFTY 25 NOV 28750 PUT,OP,NA,75,11/25/2025,28750,PE,5,M,N,N,N,NA
NSE,D,53326,NA,OPTIDX,26000,NIFTY,NIFTY-Nov2025-28800-CE,NIFTY 25 NOV 28800 CALL,OP,NA,75,11/25/2025,28800,CE,5,M,N,N,N,NA
NSE,D,53327,NA,OPTIDX,26000,NIFTY,NIFTY-Nov2025-28800-PE,NIFTY 25 NOV 28800 PUT,OP,NA,75,11/25/2025,28800,PE,5,M,N,N,N,NA
NSE,D,53328,NA,OPTIDX,26000,NIFTY,NIFTY-Nov2025-28850-CE,NIFTY 25 NOV 28850 CALL,OP,NA,75,11/25/2025,28850,CE,5,M,N,N,N,NA
NSE,D,53329,NA,OPTIDX,26000,NIFTY,NIFTY-Nov2025-28850-PE,NIFTY 25 NOV 28850 PUT,OP,NA,75,11/25/2025,28850,PE,5,M,N,N,N,NA
NSE,D,53330,NA,OPTIDX,26000,NIFTY,NIFTY-Nov2025-28900-CE,NIFTY 25 NOV 28900 CALL,OP,NA,75,11/25/2025,28900,CE,5,M,N,N,N,NA
NSE,D,53334,NA,OPTIDX,26000,NIFTY,NIFTY-Nov2025-28900-PE,NIFTY 25 NOV 28900 PUT,OP,NA,75,11/25/2025,28900,PE,5,M,N,N,N,NA
NSE,D,53335,NA,OPTIDX,26000,NIFTY,NIFTY-Nov2025-28950-CE,NIFTY 25 NOV 28950 CALL,OP,NA,75,11/25/2025,28950,CE,5,M,N,N,N,NA
NSE,D,53336,NA,OPTIDX,26000,NIFTY,NIFTY-Nov2025-28950-PE,NIFTY 25 NOV 28950 PUT,OP,NA,75,11/25/2025,28950,PE,5,M,N,N,N,NA
NSE,D,53337,NA,OPTIDX,26000,NIFTY,NIFTY-Nov2025-29000-CE,NIFTY 25 NOV 29000 CALL,OP,NA,75,11/25/2025,29000,CE,5,M,N,N,N,NA
NSE,D,53338,NA,OPTIDX,26000,NIFTY,NIFTY-Nov2025-29000-PE,NIFTY 25 NOV 29000 PUT,OP,NA,75,11/25/2025,29000,PE,5,M,N,N,N,NA
NSE,D,53339,NA,OPTIDX,26000,NIFTY,NIFTY-Nov2025-29050-CE,NIFTY 25 NOV 29050 CALL,OP,NA,75,11/25/2025,29050,CE,5,M,N,N,N,NA
NSE,D,53340,NA,OPTIDX,26000,NIFTY,NIFTY-Nov2025-29050-PE,NIFTY 25 NOV 29050 PUT,OP,NA,75,11/25/2025,29050,PE,5,M,N,N,N,NA
NSE,D,53341,NA,OPTIDX,26000,NIFTY,NIFTY-Nov2025-29100-CE,NIFTY 25 NOV 29100 CALL,OP,NA,75,11/25/2025,29100,CE,5,M,N,N,N,NA
NSE,D,53342,NA,OPTIDX,26000,NIFTY,NIFTY-Nov2025-29100-PE,NIFTY 25 NOV 29100 PUT,OP,NA,75,11/25/2025,29100,PE,5,M,N,N,N,NA
NSE,D,53343,NA,OPTIDX,26000,NIFTY,NIFTY-Nov2025-29150-CE,NIFTY 25 NOV 29150 CALL,OP,NA,75,11/25/2025,29150,CE,5,M,N,N,N,NA
NSE,D,53344,NA,OPTIDX,26000,NIFTY,NIFTY-Nov2025-29150-PE,NIFTY 25 NOV 29150 PUT,OP,NA,75,11/25/2025,29150,PE,5,M,N,N,N,NA
NSE,D,53345,NA,OPTIDX,26000,NIFTY,NIFTY-Nov2025-29200-CE,NIFTY 25 NOV 29200 CALL,OP,NA,75,11/25/2025,29200,CE,5,M,N,N,N,NA
NSE,D,53346,NA,OPTIDX,26000,NIFTY,NIFTY-Nov2025-29200-PE,NIFTY 25 NOV 29200 PUT,OP,NA,75,11/25/2025,29200,PE,5,M,N,N,N,NA
NSE,D,53347,NA,OPTIDX,26000,NIFTY,NIFTY-Nov2025-29250-CE,NIFTY 25 NOV 29250 CALL,OP,NA,75,11/25/2025,29250,CE,5,M,N,N,N,NA
NSE,D,53348,NA,OPTIDX,26000,NIFTY,NIFTY-Nov2025-29250-PE,NIFTY 25 NOV 29250 PUT,OP,NA,75,11/25/2025,29250,PE,5,M,N,N,N,NA
NSE,D,53349,NA,OPTIDX,26000,NIFTY,NIFTY-Nov2025-29300-CE,NIFTY 25 NOV 29300 CALL,OP,NA,75,11/25/2025,29300,CE,5,M,N,N,N,NA
NSE,D,53350,NA,OPTIDX,26000,NIFTY,NIFTY-Nov2025-29300-PE,NIFTY 25 NOV 29300 PUT,OP,NA,75,11/25/2025,29300,PE,5,M,N,N,N,NA
NSE,D,53351,NA,OPTIDX,26000,NIFTY,NIFTY-Nov2025-29350-CE,NIFTY 25 NOV 29350 CALL,OP,NA,75,11/25/2025,29350,CE,5,M,N,N,N,NA
NSE,D,53352,NA,OPTIDX,26000,NIFTY,NIFTY-Nov2025-29350-PE,NIFTY 25 NOV 29350 PUT,OP,NA,75,11/25/2025,29350,PE,5,M,N,N,N,NA
NSE,D,53353,NA,OPTIDX,26000,NIFTY,NIFTY-Nov2025-29400-CE,NIFTY 25 NOV 29400 CALL,OP,NA,75,11/25/2025,29400,CE,5,M,N,N,N,NA
NSE,D,53354,NA,OPTIDX,26000,NIFTY,NIFTY-Nov2025-29400-PE,NIFTY 25 NOV 29400 PUT,OP,NA,75,11/25/2025,29400,PE,5,M,N,N,N,NA
NSE,D,53355,NA,OPTIDX,26000,NIFTY,NIFTY-Nov2025-29450-CE,NIFTY 25 NOV 29450 CALL,OP,NA,75,11/25/2025,29450,CE,5,M,N,N,N,NA
NSE,D,53356,NA,OPTIDX,26000,NIFTY,NIFTY-Nov2025-29450-PE,NIFTY 25 NOV 29450 PUT,OP,NA,75,11/25/2025,29450,PE,5,M,N,N,N,NA
NSE,D,53357,NA,OPTIDX,26000,NIFTY,NIFTY-Nov2025-29500-CE,NIFTY 25 NOV 29500 CALL,OP,NA,75,11/25/2025,29500,CE,5,M,N,N,N,NA
NSE,D,53358,NA,OPTIDX,26000,NIFTY,NIFTY-Nov2025-29500-PE,NIFTY 25 NOV 29500 PUT,OP,NA,75,11/25/2025,29500,PE,5,M,N,N,N,NA
NSE,D,53359,NA,OPTIDX,26000,NIFTY,NIFTY-Nov2025-29550-CE,NIFTY 25 NOV 29550 CALL,OP,NA,75,11/25/2025,29550,CE,5,M,N,N,N,NA
NSE,D,53366,NA,OPTIDX,26000,NIFTY,NIFTY-Nov2025-29550-PE,NIFTY 25 NOV 29550 PUT,OP,NA,75,11/25/2025,29550,PE,5,M,N,N,N,NA
NSE,D,53367,NA,OPTIDX,26000,NIFTY,NIFTY-Nov2025-29600-CE,NIFTY 25 NOV 29600 CALL,OP,NA,75,11/25/2025,29600,CE,5,M,N,N,N,NA
NSE,D,53368,NA,OPTIDX,26000,NIFTY,NIFTY-Nov2025-29600-PE,NIFTY 25 NOV 29600 PUT,OP,NA,75,11/25/2025,29600,PE,5,M,N,N,N,NA
NSE,D,53369,NA,OPTIDX,26000,NIFTY,NIFTY-Nov2025-29650-CE,NIFTY 25 NOV 29650 CALL,OP,NA,75,11/25/2025,29650,CE,5,M,N,N,N,NA
NSE,D,53370,NA,OPTIDX,26000,NIFTY,NIFTY-Nov2025-29650-PE,NIFTY 25 NOV 29650 PUT,OP,NA,75,11/25/2025,29650,PE,5,M,N,N,N,NA
NSE,D,53371,NA,OPTIDX,26000,NIFTY,NIFTY-Nov2025-29700-CE,NIFTY 25 NOV 29700 CALL,OP,NA,75,11/25/2025,29700,CE,5,M,N,N,N,NA
NSE,D,53372,NA,OPTIDX,26000,NIFTY,NIFTY-Nov2025-29700-PE,NIFTY 25 NOV 29700 PUT,OP,NA,75,11/25/2025,29700,PE,5,M,N,N,N,NA
NSE,D,53373,NA,OPTIDX,26000,NIFTY,NIFTY-Nov2025-29750-CE,NIFTY 25 NOV 29750 CALL,OP,NA,75,11/25/2025,29750,CE,5,M,N,N,N,NA
NSE,D,53374,NA,OPTIDX,26000,NIFTY,NIFTY-Nov2025-29750-PE,NIFTY 25 NOV 29750 PUT,OP,NA,75,11/25/2025,29750,PE,5,M,N,N,N,NA
